ncaa_id,team,season,jersey,full_name,roster_name,last_name,first_name,yr,pos,feet,inches,gp,gs,goals,fouls,rc,yc,gc,player_ncaa_id,ast,pts,shatt,dsv
23,American,2026,6,Sarah Steinman,Sarah Steinman,Steinman,Sarah,Sr,B,,,2.0,1.0,,,,,,,,0.0,4.0,1.0
23,American,2026,20,Olivia Morraye,Olivia Morraye,Morraye,Olivia,Jr,B,,,2.0,2.0,1.0,,,,,,,2.0,3.0,
23,American,2026,4,Sophie Willemse,Sophie Willemse,Willemse,Sophie,Sr,B,,,2.0,2.0,,,,,,,,0.0,1.0,
23,American,2026,2,Jill DuVarney,Jill DuVarney,DuVarney,Jill,So,F,,,2.0,2.0,,,,,,,,0.0,2.0,
23,American,2026,17,Emilia Winkler,Emilia Winkler,Winkler,Emilia,Sr,M,,,2.0,2.0,,,,,,,,0.0,2.0,
23,American,2026,18,Maura Read,Maura Read,Read,Maura,So,M,,,2.0,0.0,,,,,,,,0.0,1.0,
23,American,2026,1,Jordan Reicher,Jordan Reicher,Reicher,Jordan,Sr,F,,,2.0,2.0,1.0,,,,,,,2.0,1.0,
23,American,2026,22,Katelyn Dulin,Katelyn Dulin,Dulin,Katelyn,Sr,M,,,2.0,2.0,1.0,,,,,,,2.0,1.0,
23,American,2026,27,Sam Kockx,Sam Kockx,Kockx,Sam,Fr,F,,,2.0,2.0,,,,,,,,0.0,1.0,
23,American,2026,5,Kaleigh Missimer,Kaleigh Missimer,Missimer,Kaleigh,Sr,M,,,2.0,1.0,1.0,,,,,,,2.0,2.0,
23,American,2026,11,Nora Tromble,Nora Tromble,Tromble,Nora,Fr,M,,,2.0,2.0,,,,,,,,0.0,1.0,
27,App State,2026,34,Calista Schwartz,Calista Schwartz,Schwartz,Calista,Sr,B,,,2.0,2.0,,,,,,,,0.0,5.0,
27,App State,2026,16,Kassie Paul,Kassie Paul,Paul,Kassie,Sr,M,,,2.0,1.0,,,,,,,1.0,1.0,3.0,
27,App State,2026,4,Baylie Phillips,Baylie Phillips,Phillips,Baylie,Jr,M,,,2.0,2.0,1.0,,,,,,,2.0,3.0,
27,App State,2026,24,Sophia Baxter,Sophia Baxter,Baxter,Sophia,Sr,M,,,2.0,2.0,,,,,,,,0.0,6.0,
27,App State,2026,12,Carlotta Fabian,Carlotta Fabian,Fabian,Carlotta,So,F,,,2.0,0.0,,,,,,,,0.0,1.0,
27,App State,2026,33,Morgan Hook,Morgan Hook,Hook,Morgan,Fr,M,,,2.0,2.0,,,,,,,,0.0,2.0,
27,App State,2026,13,Chloe Hook,Chloe Hook,Hook,Chloe,Fr,M,,,2.0,0.0,1.0,,,,,,,2.0,3.0,
27,App State,2026,5,Rylie Novak,Rylie Novak,Novak,Rylie,Jr,B,,,2.0,2.0,,,,,,,,0.0,1.0,
27,App State,2026,22,Brynn Shaffer,Brynn Shaffer,Shaffer,Brynn,Sr,F,,,2.0,2.0,,,,,1.0,,,0.0,5.0,
27,App State,2026,7,Sarah Callery,Sarah Callery,Callery,Sarah,Sr,B,,,2.0,2.0,1.0,,,,,,,2.0,1.0,
47,Ball St.,2026,10,Emalene Harter,Emalene Harter,Harter,Emalene,Jr,,,,2.0,2.0,,,,,,,,0.0,1.0,
47,Ball St.,2026,13,Lauren Lewis,Lauren Lewis,Lewis,Lauren,Jr,B,,,2.0,2.0,,,,,,,1.0,1.0,,
47,Ball St.,2026,4,Emily Kate Covert,Emily Kate Covert,Covert,Emily,Jr,,,,2.0,1.0,,,,,,,,0.0,1.0,
47,Ball St.,2026,11,Julia Verratti,Julia Verratti,Verratti,Julia,Sr,,,,2.0,2.0,,,,,1.0,,1.0,1.0,7.0,
47,Ball St.,2026,21,GiGi Ranoldo,GiGi Ranoldo,Ranoldo,GiGi,Jr,M,,,2.0,2.0,1.0,,,,,,,2.0,2.0,
47,Ball St.,2026,7,Ella Miller,Ella Miller,Miller,Ella,Fr,M,,,2.0,0.0,,,,,,,,0.0,1.0,
47,Ball St.,2026,12,Martina Pratt,Martina Pratt,Pratt,Martina,Fr,M,,,2.0,0.0,,,,,,,,0.0,1.0,
47,Ball St.,2026,8,Vivienne Quinn,Vivienne Quinn,Quinn,Vivienne,Fr,M,,,2.0,2.0,,,,,,,,0.0,1.0,
47,Ball St.,2026,23,Isabella Fölster,Isabella Fölster,Fölster,Isabella,So,F,,,2.0,0.0,1.0,,,,,,,2.0,3.0,
52,Bellarmine,2026,12,Mira Alcorn,Mira Alcorn,Alcorn,Mira,So,M,,,2.0,0.0,,,,,,,,0.0,1.0,
52,Bellarmine,2026,5,Anouk Richters,Anouk Richters,Richters,Anouk,Jr,F,,,2.0,2.0,,,,,,,,0.0,3.0,
52,Bellarmine,2026,21,Cami Paris,Cami Paris,Paris,Cami,So,M,,,2.0,2.0,,,,,,,,0.0,2.0,
52,Bellarmine,2026,22,Annie Malloy,Annie Malloy,Malloy,Annie,Jr,B,,,2.0,0.0,,,,,,,,0.0,,1.0
52,Bellarmine,2026,17,Amber Lacy,Amber Lacy,Lacy,Amber,So,M,,,2.0,1.0,,,,,,,,0.0,2.0,
52,Bellarmine,2026,4,Brooke Buchanan,Brooke Buchanan,Buchanan,Brooke,Sr,M,,,2.0,2.0,,,,,,,,0.0,1.0,
52,Bellarmine,2026,8,Luna Tuncay,Luna Tuncay,Tuncay,Luna,Jr,M,,,2.0,1.0,,,,,,,,0.0,2.0,
52,Bellarmine,2026,9,Wende de Witte,Wende de Witte,Witte,Wende,Fr,M,,,2.0,2.0,,,,,1.0,,,0.0,,
52,Bellarmine,2026,15,Amy Stripling,Amy Stripling,Stripling,Amy,So,M,,,2.0,2.0,,,,,,,,0.0,5.0,
67,Boston College,2026,2,Klara Mueffelmann,Klara Mueffelmann,Mueffelmann,Klara,Sr,F,,,2.0,2.0,2.0,,,,,,,4.0,2.0,
67,Boston College,2026,7,Melea Weber,Melea Weber,Weber,Melea,Jr,F,,,2.0,0.0,1.0,,,,,,,2.0,1.0,
67,Boston College,2026,18,Ava Meehan,Ava Meehan,Meehan,Ava,Jr,F,,,2.0,0.0,,,,,1.0,,,0.0,,
67,Boston College,2026,9,Caroline Chisholm,Caroline Chisholm,Chisholm,Caroline,So,F,,,2.0,2.0,1.0,,,,,,1.0,3.0,3.0,
67,Boston College,2026,4,Laila Rosenquest,Laila Rosenquest,Rosenquest,Laila,Sr,M,,,2.0,2.0,,,,,1.0,,1.0,1.0,5.0,
67,Boston College,2026,8,Maisy Ricciardelli,Maisy Ricciardelli,Ricciardelli,Maisy,Jr,F,,,2.0,0.0,,,,,,,,0.0,2.0,
67,Boston College,2026,3,Alexandra De Cain,Alexandra De Cain,Cain,Alexandra,So,M,,,2.0,2.0,2.0,,,,1.0,,,4.0,5.0,
67,Boston College,2026,10,Lilly Pergola,Lilly Pergola,Pergola,Lilly,So,F,,,2.0,0.0,,,,,,,,0.0,1.0,
67,Boston College,2026,6,Madeline Leigh,Madeline Leigh,Leigh,Madeline,Sr,M,,,2.0,2.0,,,,,,,,0.0,2.0,
67,Boston College,2026,16,Madelieve Drion,Madelieve Drion,Drion,Madelieve,Sr,M,,,2.0,2.0,,,,,,,2.0,2.0,2.0,
67,Boston College,2026,12,Ike Jakobsen,Ike Jakobsen,Jakobsen,Ike,Fr,F,,,2.0,2.0,,,,,,,1.0,1.0,3.0,
67,Boston College,2026,17,Lucy Parker,Lucy Parker,Parker,Lucy,Fr,M,,,2.0,1.0,,,,1.0,1.0,,,0.0,1.0,
68,Boston U.,2026,24,Rachel Turer,Rachel Turer,Turer,Rachel,So,B,,,2.0,0.0,,,,,,,,0.0,2.0,2.0
68,Boston U.,2026,22,Alex Purcell,Alex Purcell,Purcell,Alex,Sr,B,,,2.0,2.0,,,,,,,3.0,3.0,3.0,
68,Boston U.,2026,7,Lucy Johnson,Lucy Johnson,Johnson,Lucy,So,F,,,2.0,2.0,4.0,,,,,,,8.0,12.0,
68,Boston U.,2026,6,Nicole Lauro,Nicole Lauro,Lauro,Nicole,Sr,M,,,2.0,2.0,,,,1.0,,,1.0,1.0,2.0,
68,Boston U.,2026,2,Mallory Hudson,Mallory Hudson,Hudson,Mallory,So,M,,,2.0,0.0,,,,,,,,0.0,1.0,
68,Boston U.,2026,16,Bella Cloutier,Bella Cloutier,Cloutier,Bella,Sr,F,,,2.0,0.0,,,,,1.0,,1.0,1.0,,
68,Boston U.,2026,14,Maggie Driscoll,Maggie Driscoll,Driscoll,Maggie,Sr,M,,,2.0,2.0,,,,,,,,0.0,1.0,
68,Boston U.,2026,3,Bella Bergner,Bella Bergner,Bergner,Bella,Sr,M,,,2.0,0.0,2.0,,,,,,,4.0,3.0,
68,Boston U.,2026,8,Tiger Fellner,Tiger Fellner,Fellner,Tiger,Fr,GK,,,2.0,0.0,,,,,,,,0.0,1.0,
68,Boston U.,2026,11,Frederique Van Beijma,Frederique Van Beijma,Beijma,Frederique,Fr,M,,,2.0,0.0,,,,,,,,0.0,1.0,
68,Boston U.,2026,20,Caroline O'Brien,Caroline O'Brien,O'Brien,Caroline,Sr,F,,,2.0,2.0,1.0,,,,,,,2.0,6.0,
68,Boston U.,2026,9,Jenna Park,Jenna Park,Park,Jenna,Fr,M,,,2.0,2.0,1.0,,,,,,1.0,3.0,2.0,
68,Boston U.,2026,1,Maddie Hudson,Maddie Hudson,Hudson,Maddie,Sr,M,,,2.0,2.0,1.0,,,,,,,2.0,3.0,
81,Bryant,2026,12,Elyse Bouchard,Elyse Bouchard,Bouchard,Elyse,So,,,,2.0,2.0,,1.0,,,,,,0.0,,
81,Bryant,2026,9,India Hayes,India Hayes,Hayes,India,Sr,F,,,2.0,0.0,,3.0,,,,,,0.0,,
81,Bryant,2026,15,Emerson Johnson,Emerson Johnson,Johnson,Emerson,So,,,,2.0,2.0,1.0,3.0,,,,,1.0,3.0,1.0,
81,Bryant,2026,27,Gabrielle Dwyer,Gabrielle Dwyer,Dwyer,Gabrielle,Sr,B,,,2.0,0.0,,2.0,,,,,,0.0,,
81,Bryant,2026,10,Maddy DeFilippo,Maddy DeFilippo,DeFilippo,Maddy,So,,,,2.0,2.0,1.0,4.0,,,,,,2.0,4.0,
81,Bryant,2026,24,Alexa Sedicino,Alexa Sedicino,Sedicino,Alexa,Sr,F,,,2.0,2.0,,4.0,,,,,,0.0,,
81,Bryant,2026,20,Callie Caito,Callie Caito,Caito,Callie,Sr,M,,,2.0,2.0,,5.0,,,,,,0.0,4.0,
81,Bryant,2026,18,Liv Martino,Liv Martino,Martino,Liv,Jr,B,,,2.0,0.0,,1.0,,,,,,0.0,,
81,Bryant,2026,3,Elsa Bishop,Elsa Bishop,Bishop,Elsa,So,,,,2.0,2.0,,2.0,,,,,1.0,1.0,,
81,Bryant,2026,25,Claire Joss,Claire Joss,Joss,Claire,Sr,B,,,2.0,2.0,,1.0,,,,,,0.0,1.0,
81,Bryant,2026,11,Ellie Picard,Ellie Picard,Picard,Ellie,So,,,,2.0,2.0,,2.0,,,,,,0.0,,
81,Bryant,2026,5,Jordi Higgins,Jordi Higgins,Higgins,Jordi,Fr,,,,2.0,0.0,,3.0,,,,,,0.0,1.0,
81,Bryant,2026,7,Jasmijn van Leeuwen,Jasmijn van Leeuwen,Leeuwen,Jasmijn,Fr,B,,,2.0,2.0,,1.0,,,,,,0.0,,
81,Bryant,2026,6,Lucy Nissen,Lucy Nissen,Nissen,Lucy,Fr,,,,1.0,0.0,,,,,,,,0.0,1.0,
81,Bryant,2026,13,Valentina Funes,Valentina Funes,Funes,Valentina,Sr,B,,,2.0,2.0,1.0,3.0,,,,,,2.0,9.0,
83,Bucknell,2026,21,Katie Lintz,Katie Lintz,Lintz,Katie,Sr,F,,,2.0,0.0,,,,,,,,0.0,1.0,
83,Bucknell,2026,11,Elodie Nevitt,Elodie Nevitt,Nevitt,Elodie,So,F,,,2.0,0.0,,,,,,,,0.0,1.0,
83,Bucknell,2026,9,Bella Notaro,Bella Notaro,Notaro,Bella,Jr,M,,,2.0,2.0,,,,,,,1.0,1.0,2.0,
83,Bucknell,2026,7,Julia Corropolese,Julia Corropolese,Corropolese,Julia,Sr,B,,,2.0,2.0,1.0,,,,,,,2.0,7.0,
83,Bucknell,2026,1,Ryane Fisahn,Ryane Fisahn,Fisahn,Ryane,Sr,F,,,2.0,2.0,,,,,,,,0.0,5.0,
83,Bucknell,2026,2,Sally Hunter,Sally Hunter,Hunter,Sally,Jr,B,,,2.0,2.0,,,,,,,1.0,1.0,,
83,Bucknell,2026,5,Ameerah Kothari,Ameerah Kothari,Kothari,Ameerah,So,M,,,2.0,2.0,,,,,,,1.0,1.0,2.0,
83,Bucknell,2026,22,Carolyn Schiavo,Carolyn Schiavo,Schiavo,Carolyn,Fr,F,,,2.0,2.0,,,,,1.0,,1.0,1.0,1.0,
83,Bucknell,2026,18,Alexis Schulz,Alexis Schulz,Schulz,Alexis,Fr,M,,,2.0,2.0,1.0,,,,,,,2.0,3.0,
83,Bucknell,2026,10,McKenna Wilson,McKenna Wilson,Wilson,McKenna,Fr,M,,,2.0,1.0,,,,,,,,0.0,2.0,
83,Bucknell,2026,3,Juliana Serafin,Juliana Serafin,Serafin,Juliana,Fr,M,,,2.0,0.0,1.0,,,,,,,2.0,4.0,
83,Bucknell,2026,6,Aubrey DelOrefice,Aubrey DelOrefice,DelOrefice,Aubrey,Fr,M,,,2.0,1.0,,,,,,,,0.0,5.0,
83,Bucknell,2026,14,Luci DiTosto,Luci DiTosto,DiTosto,Luci,Fr,M,,,2.0,0.0,,,,,,,,0.0,1.0,
107,California,2026,15,Anika Miedema,Anika Miedema,Miedema,Anika,So,M,,,2.0,0.0,,,,,,,,0.0,1.0,
107,California,2026,6,Holly Pears,Holly Pears,Pears,Holly,Sr,F,,,2.0,2.0,1.0,,,,,,,2.0,5.0,
107,California,2026,16,Jaiya Labana,Jaiya Labana,Labana,Jaiya,Sr,M,,,2.0,0.0,1.0,,,,,,1.0,3.0,1.0,
107,California,2026,24,Adya Kadam,Adya Kadam,Kadam,Adya,So,M,,,2.0,2.0,,,,,,,,0.0,2.0,
107,California,2026,28,Hannah Ward,Hannah Ward,Ward,Hannah,Jr,F,,,2.0,0.0,,,,1.0,,,,0.0,,
107,California,2026,4,Liz Klompmaker,Liz Klompmaker,Klompmaker,Liz,Jr,F,,,2.0,1.0,3.0,,,,,,3.0,9.0,10.0,
107,California,2026,7,Josefina Moyano,Josefina Moyano,Moyano,Josefina,So,M,,,2.0,0.0,1.0,,,,,,3.0,5.0,6.0,
107,California,2026,11,Agustina Daud,Agustina Daud,Daud,Agustina,So,M,,,2.0,2.0,1.0,,,,,,,2.0,2.0,
107,California,2026,2,Samantha Reder,Samantha Reder,Reder,Samantha,So,M,,,2.0,0.0,,,,,,,,0.0,1.0,
107,California,2026,19,Mia DiGiulio,Mia DiGiulio,DiGiulio,Mia,Jr,M,,,2.0,2.0,,,,,1.0,,,0.0,1.0,
107,California,2026,13,Flore Uges,Flore Uges,Uges,Flore,Fr,,,,2.0,2.0,,,,,,,,0.0,3.0,
107,California,2026,10,Laura Becker,Laura Becker,Becker,Laura,Fr,,,,2.0,0.0,1.0,,,,,,1.0,3.0,1.0,
107,California,2026,3,Cato Arlman,Cato Arlman,Arlman,Cato,Fr,,,,2.0,1.0,,,,,1.0,,,0.0,2.0,
107,California,2026,23,Maria Scocco,Maria Scocco,Scocco,Maria,Fr,,,,2.0,1.0,,,,,1.0,,1.0,1.0,2.0,
129,Central Mich.,2026,14,Mora Rulli,Mora Rulli,Rulli,Mora,So,M,,,2.0,2.0,,,,,1.0,,,0.0,,
129,Central Mich.,2026,2,Brianna Eckenroth,Brianna Eckenroth,Eckenroth,Brianna,So,,,,2.0,2.0,,,,,,,,0.0,1.0,
129,Central Mich.,2026,12,Teah Savignano,Teah Savignano,Savignano,Teah,So,M,,,2.0,0.0,,,,,,,,0.0,2.0,
129,Central Mich.,2026,11,Annabelle Cotroneo,Annabelle Cotroneo,Cotroneo,Annabelle,Sr,F,,,2.0,2.0,1.0,,,,,,1.0,3.0,1.0,
129,Central Mich.,2026,28,Cameron Pluciennik,Cameron Pluciennik,Pluciennik,Cameron,Sr,F,,,2.0,2.0,,,,,,,1.0,1.0,,
129,Central Mich.,2026,9,Carolena Ryon,Carolena Ryon,Ryon,Carolena,Jr,F,,,2.0,2.0,1.0,,,,,,,2.0,5.0,
129,Central Mich.,2026,23,Lola Pardo,Lola Pardo,Pardo,Lola,So,B,,,2.0,0.0,,,,,,,,0.0,1.0,
129,Central Mich.,2026,5,Hailey Bainer,Hailey Bainer,Bainer,Hailey,Sr,M,,,2.0,2.0,1.0,,,,,,,2.0,2.0,
129,Central Mich.,2026,27,Juana Galli,Juana Galli,Galli,Juana,Fr,M,,,1.0,0.0,,,,,,,,0.0,2.0,
153,Colgate,2026,10,Annie Lake,Annie Lake,Lake,Annie,Sr,B,,,2.0,2.0,,1.0,,,,,1.0,1.0,1.0,
153,Colgate,2026,27,Kyleigh Welusz,Kyleigh Welusz,Welusz,Kyleigh,Jr,B,,,2.0,1.0,1.0,9.0,,,,,,2.0,3.0,
153,Colgate,2026,6,Maddie Rohlfing,Maddie Rohlfing,Rohlfing,Maddie,Sr,M,,,2.0,2.0,,6.0,,,,,,0.0,,
153,Colgate,2026,29,Ava Poliafico,Ava Poliafico,Poliafico,Ava,So,M,,,2.0,2.0,2.0,9.0,,,,,1.0,5.0,8.0,
153,Colgate,2026,9,Minah Cho,Minah Cho,Cho,Minah,So,F,,,2.0,2.0,1.0,3.0,,,,,1.0,3.0,6.0,
153,Colgate,2026,25,Elizabeth Rogers,Elizabeth Rogers,Rogers,Elizabeth,So,M,,,2.0,2.0,,4.0,,,,,,0.0,6.0,
153,Colgate,2026,5,Aiden Cronk,Aiden Cronk,Cronk,Aiden,Fr,F,,,2.0,1.0,,7.0,,,,,2.0,2.0,1.0,
153,Colgate,2026,4,Georgia Lochhead,Georgia Lochhead,Lochhead,Georgia,Fr,M,,,2.0,0.0,,2.0,,,,,,0.0,,
153,Colgate,2026,2,Olivia Milia,Olivia Milia,Milia,Olivia,Fr,M,,,2.0,1.0,1.0,3.0,,,,,,2.0,6.0,
153,Colgate,2026,11,Macy Rehak,Macy Rehak,Rehak,Macy,Fr,B,,,2.0,2.0,,2.0,,,,,,0.0,,
153,Colgate,2026,13,Emma Shushansky,Emma Shushansky,Shushansky,Emma,Fr,F,,,1.0,0.0,1.0,,,,,,,2.0,1.0,
153,Colgate,2026,15,Lauren Widdowson,Lauren Widdowson,Widdowson,Lauren,Sr,M,,,2.0,2.0,,10.0,,1.0,,,1.0,1.0,2.0,
153,Colgate,2026,22,Caroline Rotteveel,Caroline Rotteveel,Rotteveel,Caroline,So,F,,,2.0,0.0,1.0,6.0,,,,,1.0,3.0,2.0,
153,Colgate,2026,16,Augusta Santarelli,Augusta Santarelli,Santarelli,Augusta,So,B,,,2.0,0.0,,1.0,,,1.0,,,0.0,,
153,Colgate,2026,8,Morgan Willis,Morgan Willis,Willis,Morgan,Sr,F,,,2.0,2.0,2.0,9.0,,,,,2.0,6.0,19.0,
153,Colgate,2026,19,Kate Rose,Kate Rose,Rose,Kate,Jr,M,,,2.0,1.0,,2.0,,,,,,0.0,,
173,Davidson,2026,20,Lourdes Wolf,Lourdes Wolf,Wolf,Lourdes,So,F,,,2.0,2.0,2.0,,,,,,,4.0,3.0,
173,Davidson,2026,4,Ellie Johnson,Ellie Johnson,Johnson,Ellie,Jr,F,,,1.0,0.0,,,,,,,1.0,1.0,,
173,Davidson,2026,2,Eliza Agan,Eliza Agan,Agan,Eliza,So,M,,,2.0,0.0,,,,,,,,0.0,1.0,
173,Davidson,2026,9,Eva van der Kooi,Eva van der Kooi,Kooi,Eva,Jr,M,,,2.0,2.0,,,,,,,,0.0,3.0,
173,Davidson,2026,21,Maia Macaloney,Maia Macaloney,Macaloney,Maia,So,M,,,2.0,2.0,,,,1.0,,,,0.0,1.0,
173,Davidson,2026,16,Liv Goeke,Liv Goeke,Goeke,Liv,Sr,M,,,2.0,2.0,,,,,,,,0.0,1.0,
173,Davidson,2026,13,Emily Najarian,Emily Najarian,Najarian,Emily,Jr,F,,,2.0,0.0,1.0,,,,1.0,,,2.0,2.0,
173,Davidson,2026,30,Matilda Collins,Matilda Collins,Collins,Matilda,Sr,B,,,2.0,2.0,1.0,,,,,,,2.0,10.0,
173,Davidson,2026,15,Sophie Rousseau,Sophie Rousseau,Rousseau,Sophie,Fr,F,,,2.0,2.0,,,,,,,1.0,1.0,1.0,
173,Davidson,2026,12,Ise Adams,Ise Adams,Adams,Ise,Fr,M,,,2.0,2.0,1.0,,,,,,,2.0,1.0,
173,Davidson,2026,8,Ava Perkins,Ava Perkins,Perkins,Ava,Fr,B,,,2.0,2.0,,,,,1.0,,,0.0,1.0,
173,Davidson,2026,18,Maren Brady,Maren Brady,Brady,Maren,Fr,M,,,2.0,2.0,,,,,,,,0.0,1.0,
180,Delaware,2026,18,Livia van 't Hek,Livia van 't Hek,Hek,Livia,So,F,,,2.0,2.0,1.0,2.0,,,1.0,,,2.0,3.0,
180,Delaware,2026,12,Charlotte Robertson,Charlotte Robertson,Robertson,Charlotte,So,M,,,2.0,0.0,,4.0,,,1.0,,,0.0,1.0,
180,Delaware,2026,24,Kathryn Clarke,Kathryn Clarke,Clarke,Kathryn,So,M,,,2.0,2.0,,7.0,,,,,,0.0,2.0,
180,Delaware,2026,10,Ella Cellini,Ella Cellini,Cellini,Ella,So,M,,,2.0,2.0,,1.0,,,,,,0.0,2.0,
180,Delaware,2026,1,Lily Cosner,Lily Cosner,Cosner,Lily,Jr,M,,,2.0,2.0,,5.0,,,,,,0.0,1.0,
180,Delaware,2026,14,Brynn String,Brynn String,String,Brynn,So,M,,,2.0,2.0,,2.0,,,,,,0.0,,
180,Delaware,2026,7,Linde van Leeuwen,Linde van Leeuwen,Leeuwen,Linde,Jr,B,,,2.0,2.0,,4.0,,,,,,0.0,5.0,
180,Delaware,2026,9,Lexi Causa,Lexi Causa,Causa,Lexi,Jr,M,,,2.0,1.0,,3.0,,,,,1.0,1.0,,
180,Delaware,2026,26,Josefina Dalessandro,Josefina Dalessandro,Dalessandro,Josefina,Sr,F,,,2.0,2.0,,2.0,,,,,,0.0,4.0,
180,Delaware,2026,4,Avary Miller,Avary Miller,Miller,Avary,Fr,M,,,2.0,1.0,,4.0,,,,,,0.0,,1.0
180,Delaware,2026,28,Juulke Zanders,Juulke Zanders,Zanders,Juulke,Fr,M,,,2.0,0.0,,1.0,,,,,,0.0,,
180,Delaware,2026,2,Penelope Kousouris,Penelope Kousouris,Kousouris,Penelope,Fr,F,,,2.0,1.0,1.0,1.0,,,,,,2.0,2.0,
180,Delaware,2026,21,Alexa Michielsen,Alexa Michielsen,Michielsen,Alexa,Sr,F,,,2.0,2.0,1.0,1.0,,,,,,2.0,7.0,
191,Drexel,2026,3,Val Van Hellemont,Val Van Hellemont,Hellemont,Val,Sr,M,,,2.0,2.0,,,,,,,,0.0,3.0,
191,Drexel,2026,24,Pili Lemoine,Pili Lemoine,Lemoine,Pili,Jr,M,,,2.0,2.0,1.0,,,,,,,2.0,4.0,
191,Drexel,2026,30,Sadie Schultz,Sadie Schultz,Schultz,Sadie,Jr,M,,,2.0,0.0,,,,,,,,0.0,1.0,
191,Drexel,2026,33,Lily Haag,Lily Haag,Haag,Lily,Sr,M,,,2.0,0.0,,,,,,,,0.0,1.0,
191,Drexel,2026,16,Morgan Herceg,Morgan Herceg,Herceg,Morgan,Jr,M,,,2.0,0.0,,,,,,,,0.0,1.0,
191,Drexel,2026,10,Fleur Hamers,Fleur Hamers,Hamers,Fleur,So,F,,,2.0,2.0,,,,,,,1.0,1.0,3.0,
191,Drexel,2026,15,Nicole Enslin,Nicole Enslin,Enslin,Nicole,Sr,B,,,2.0,2.0,,,,,1.0,,,0.0,3.0,
191,Drexel,2026,8,Lauren Kushma,Lauren Kushma,Kushma,Lauren,So,M,,,2.0,2.0,,,,,,,,0.0,2.0,
191,Drexel,2026,18,Cato Nackaerts,Cato Nackaerts,Nackaerts,Cato,Fr,M,,,2.0,2.0,,,,,,,,0.0,3.0,
193,Duke,2026,8,Juliette Gatsonides,Juliette Gatsonides,Gatsonides,Juliette,So,M,,,2.0,0.0,,,,,,,,0.0,1.0,
193,Duke,2026,11,Lily Soldan,Lily Soldan,Soldan,Lily,So,F,,,2.0,0.0,,,,,,,1.0,1.0,5.0,
193,Duke,2026,2,Madison Beach,Madison Beach,Beach,Madison,Jr,M,,,2.0,2.0,,,,,,,1.0,1.0,4.0,
193,Duke,2026,27,Sophia Miller,Sophia Miller,Miller,Sophia,Sr,B,,,2.0,2.0,,,,,,,,0.0,2.0,
193,Duke,2026,3,Juliette Schulten,Juliette Schulten,Schulten,Juliette,So,B,,,2.0,2.0,2.0,,,,,,,4.0,6.0,
193,Duke,2026,10,Shae Wozniak,Shae Wozniak,Wozniak,Shae,So,M,,,2.0,2.0,,,,,,,,0.0,6.0,
193,Duke,2026,9,Sofia Fidalgo Schioppa,Sofia Fidalgo Schioppa,Schioppa,Sofia,So,M,,,2.0,0.0,,,,,,,1.0,1.0,1.0,
193,Duke,2026,13,Ashley Stockdale,Ashley Stockdale,Stockdale,Ashley,Jr,F,,,2.0,2.0,3.0,,,,,,,6.0,6.0,
193,Duke,2026,12,Maggie Kondrath,Maggie Kondrath,Kondrath,Maggie,Sr,F,,,2.0,2.0,1.0,,,,,,,2.0,2.0,
193,Duke,2026,7,Kyle Massey,Kyle Massey,Massey,Kyle,Sr,F,,,2.0,0.0,1.0,,,,,,,2.0,2.0,
193,Duke,2026,18,Julia Boehringer,Julia Boehringer,Boehringer,Julia,Jr,M,,,2.0,2.0,,,,,,,,0.0,8.0,
193,Duke,2026,4,Callie Rogers,Callie Rogers,Rogers,Callie,Jr,M,,,2.0,2.0,,,,,,,1.0,1.0,,
193,Duke,2026,14,Alaina McVeigh,Alaina McVeigh,McVeigh,Alaina,Sr,F,,,2.0,2.0,1.0,,,,,,2.0,4.0,7.0,
220,Fairfield,2026,16,Catalina Ness,Catalina Ness,Ness,Catalina,Sr,F,,,2.0,2.0,,,,,,,,0.0,2.0,
220,Fairfield,2026,14,Catherine Fitzgerald,Catherine Fitzgerald,Fitzgerald,Catherine,Sr,B,,,2.0,2.0,,,,,,,,0.0,2.0,
220,Fairfield,2026,11,Alyse Wanchisen,Alyse Wanchisen,Wanchisen,Alyse,So,M,,,2.0,0.0,,,,,,,,0.0,2.0,
220,Fairfield,2026,10,Camille Perlov,Camille Perlov,Perlov,Camille,Jr,F,,,2.0,2.0,1.0,,,,,,,2.0,3.0,
220,Fairfield,2026,13,Kylie Corcoran,Kylie Corcoran,Corcoran,Kylie,Jr,M,,,2.0,2.0,1.0,,,,,,1.0,3.0,4.0,
220,Fairfield,2026,2,Amanda Dressel,Amanda Dressel,Dressel,Amanda,Jr,F,,,2.0,0.0,1.0,,,,,,,2.0,2.0,
220,Fairfield,2026,18,Kaelyn Fogelson,Kaelyn Fogelson,Fogelson,Kaelyn,So,F,,,2.0,2.0,,,,,,,1.0,1.0,2.0,
220,Fairfield,2026,5,Rylee LaLoup,Rylee LaLoup,LaLoup,Rylee,Sr,F,,,2.0,2.0,1.0,,,,,,,2.0,1.0,
220,Fairfield,2026,21,Alice Pifferi,Alice Pifferi,Pifferi,Alice,Sr,M,,,2.0,2.0,,,,,,,1.0,1.0,,
220,Fairfield,2026,27,Caroline Brickley,Caroline Brickley,Brickley,Caroline,Sr,,,,2.0,0.0,,,,,,,,0.0,,1.0
220,Fairfield,2026,17,Konni Hofmann,Konni Hofmann,Hofmann,Konni,Sr,F,,,2.0,2.0,1.0,,,,,,,2.0,7.0,
251,Georgetown,2026,21,Kate McManaman,Kate McManaman,McManaman,Kate,Jr,M,,,2.0,2.0,1.0,,,,,,,2.0,2.0,
251,Georgetown,2026,5,Colleen Maloney,Colleen Maloney,Maloney,Colleen,Jr,M,,,2.0,2.0,,,,,,,,0.0,1.0,
251,Georgetown,2026,12,Elizabeth Rossotti,Elizabeth Rossotti,Rossotti,Elizabeth,Sr,F,,,2.0,0.0,,,,,,,,0.0,1.0,
251,Georgetown,2026,18,Kaitlin Brice,Kaitlin Brice,Brice,Kaitlin,Jr,M,,,2.0,0.0,,,,,,,1.0,1.0,1.0,
251,Georgetown,2026,3,Katherine Malloy,Katherine Malloy,Malloy,Katherine,Jr,F,,,2.0,2.0,,,,,,,,0.0,3.0,
251,Georgetown,2026,7,Elena Perez Alejandro,Elena Perez Alejandro,Alejandro,Elena,Sr,M,,,2.0,2.0,,,,1.0,,,2.0,2.0,1.0,
251,Georgetown,2026,20,Izzy Lee,Izzy Lee,Lee,Izzy,Sr,M,,,2.0,2.0,,,,,,,2.0,2.0,,
251,Georgetown,2026,6,Riley Fitzgerald,Riley Fitzgerald,Fitzgerald,Riley,Jr,F,,,2.0,2.0,,,,,2.0,,,0.0,,
251,Georgetown,2026,11,Adelae Chierici,Adelae Chierici,Chierici,Adelae,So,F,,,2.0,0.0,1.0,,,,,,,2.0,2.0,
251,Georgetown,2026,22,Tatum Johnson,Tatum Johnson,Johnson,Tatum,Fr,M,,,2.0,2.0,1.0,,,,,,,2.0,4.0,
283,Hofstra,2026,9,Kesia Richardson,Kesia Richardson,Richardson,Kesia,Sr,B,,,2.0,2.0,,,,,,,1.0,1.0,2.0,
283,Hofstra,2026,17,Camryn Stewart,Camryn Stewart,Stewart,Camryn,Sr,M,,,2.0,0.0,,,,,1.0,,,0.0,,
283,Hofstra,2026,24,Kelly Levengood,Kelly Levengood,Levengood,Kelly,Sr,F,,,2.0,2.0,,,,,,,,0.0,3.0,
283,Hofstra,2026,11,Tess Satterfield,Tess Satterfield,Satterfield,Tess,Sr,,,,2.0,2.0,,,,,,,,0.0,1.0,
283,Hofstra,2026,5,Greta Krimmel,Greta Krimmel,Krimmel,Greta,Fr,,,,2.0,0.0,,,,,,,,0.0,1.0,
283,Hofstra,2026,7,Rosalie Hoekstra,Rosalie Hoekstra,Hoekstra,Rosalie,Fr,B,,,2.0,2.0,,,,,1.0,,,0.0,,
283,Hofstra,2026,13,Lisa Ebbinkhuijsen,Lisa Ebbinkhuijsen,Ebbinkhuijsen,Lisa,Fr,F,,,1.0,0.0,,,,,,,,0.0,2.0,
283,Hofstra,2026,15,Cara Zapach,Cara Zapach,Zapach,Cara,Fr,F,,,2.0,2.0,,,,,,,1.0,1.0,2.0,
283,Hofstra,2026,8,Malena Bertone,Malena Bertone,Bertone,Malena,Fr,B,,,2.0,2.0,2.0,,,,,,,4.0,8.0,
283,Hofstra,2026,14,Sarah Smalley,Sarah Smalley,Smalley,Sarah,Sr,F,,,2.0,2.0,1.0,,,,,,,2.0,9.0,
283,Hofstra,2026,22,Juana Laskowski,Juana Laskowski,Laskowski,Juana,Sr,M,,,2.0,2.0,,,,,1.0,,,0.0,2.0,
283,Hofstra,2026,27,Victoria Nazar,Victoria Nazar,Nazar,Victoria,Sr,B,,,2.0,2.0,,,,,,,2.0,2.0,,
285,Holy Cross,2026,6,Maguire Sturgis,Maguire Sturgis,Sturgis,Maguire,Sr,F,,,2.0,2.0,,,,,,,,0.0,6.0,
285,Holy Cross,2026,3,Saskia Williams,Saskia Williams,Williams,Saskia,Sr,M,,,2.0,2.0,1.0,,,,,,,2.0,7.0,
285,Holy Cross,2026,19,Martina Di Gregorio,Martina Di Gregorio,Gregorio,Martina,So,M,,,2.0,0.0,1.0,,,,,,,2.0,6.0,
285,Holy Cross,2026,18,Rachel Egan,Rachel Egan,Egan,Rachel,So,M,,,2.0,2.0,,,,,,,,0.0,2.0,
285,Holy Cross,2026,9,Maeve Kiernan,Maeve Kiernan,Kiernan,Maeve,So,M,,,2.0,2.0,,,,,,,,0.0,1.0,
285,Holy Cross,2026,21,Marissa MacLean,Marissa MacLean,MacLean,Marissa,Sr,F,,,2.0,2.0,,,,,,,,0.0,3.0,
285,Holy Cross,2026,1,Ava Huntley,Ava Huntley,Huntley,Ava,Jr,F,,,2.0,1.0,,,,,,,,0.0,5.0,
285,Holy Cross,2026,20,Abigail Kent,Abigail Kent,Kent,Abigail,Fr,M,,,2.0,2.0,,,,,,,,0.0,1.0,
285,Holy Cross,2026,8,Marianna Maclean,Marianna Maclean,Maclean,Marianna,Fr,F,,,2.0,2.0,,,,,,,1.0,1.0,9.0,
306,Indiana,2026,17,Celia Arroyo Cabezudo,Celia Arroyo Cabezudo,Cabezudo,Celia,So,F,,,2.0,2.0,1.0,,,,,,,2.0,5.0,
306,Indiana,2026,5,Keke Sluiter,Keke Sluiter,Sluiter,Keke,Jr,M,,,1.0,0.0,,,,,,,,0.0,1.0,
306,Indiana,2026,7,Molly Stutte,Molly Stutte,Stutte,Molly,So,F,,,2.0,2.0,,,,,,,2.0,2.0,5.0,
306,Indiana,2026,34,Inés Garcia Prado,Inés Garcia Prado,Prado,Inés,Sr,M,,,2.0,2.0,,,,,,,,0.0,5.0,
306,Indiana,2026,16,Mijntje Hagen,Mijntje Hagen,Hagen,Mijntje,Jr,F,,,2.0,2.0,,,,,,,,0.0,3.0,
306,Indiana,2026,33,Hannah Riddle,Hannah Riddle,Riddle,Hannah,Sr,B,,,2.0,0.0,,,,,,,,0.0,2.0,
306,Indiana,2026,14,Charlotte Glasper,Charlotte Glasper,Glasper,Charlotte,Jr,F,,,2.0,0.0,,,,,,,,0.0,8.0,
306,Indiana,2026,24,Javi Baeza,Javi Baeza,Baeza,Javi,Sr,M,,,2.0,2.0,,,,,,,,0.0,1.0,
306,Indiana,2026,22,Gabriela Garayo Aranceta,Gabriela Garayo Aranceta,Aranceta,Gabriela,Fr,M,,,2.0,2.0,1.0,,,,,,,2.0,3.0,
306,Indiana,2026,20,Berta Saenz de Santa Maria,Berta Saenz de Santa Maria,Maria,Berta,Fr,M,,,2.0,2.0,,,,,,,,0.0,2.0,
306,Indiana,2026,15,Agustina Gamonal,Agustina Gamonal,Gamonal,Agustina,Fr,F,,,2.0,0.0,,,,,,,,0.0,2.0,
312,Iowa,2026,16,Lexie Haig,Lexie Haig,Haig,Lexie,Jr,M,,,2.0,2.0,,,,,,,1.0,1.0,,
312,Iowa,2026,24,Frederique van Cleef,Frederique van Cleef,Cleef,Frederique,So,F,,,2.0,2.0,2.0,,,,,,,4.0,7.0,
312,Iowa,2026,10,Dionne van Aalsum,Dionne van Aalsum,Aalsum,Dionne,Sr,M,,,2.0,2.0,2.0,,,,,,,4.0,7.0,
312,Iowa,2026,7,Gia Whalen,Gia Whalen,Whalen,Gia,Sr,M,,,2.0,2.0,,,,,,,,0.0,,1.0
312,Iowa,2026,2,Rachel Herbine,Rachel Herbine,Herbine,Rachel,Sr,F,,,2.0,2.0,1.0,,,,,,,2.0,1.0,
312,Iowa,2026,20,Jordan Byers,Jordan Byers,Byers,Jordan,So,M,,,2.0,2.0,,,,,,,1.0,1.0,2.0,
312,Iowa,2026,5,Lieve van Kessel,Lieve van Kessel,Kessel,Lieve,Sr,M,,,2.0,1.0,,,,,,,1.0,1.0,,
312,Iowa,2026,9,Amber Millard-Smith,Amber Millard-Smith,Millard-Smith,Amber,Fr,M,,,2.0,2.0,,,,,,,1.0,1.0,,
312,Iowa,2026,12,Meg Tebben,Meg Tebben,Tebben,Meg,Fr,F,,,2.0,0.0,1.0,,,,,,,2.0,3.0,
317,James Madison,2026,1,Ava Drexler-Amey,Ava Drexler-Amey,Drexler-Amey,Ava,Sr,M,,,2.0,2.0,,,,,,,,0.0,1.0,
317,James Madison,2026,11,Avery Ruckman,Avery Ruckman,Ruckman,Avery,Jr,M,,,2.0,2.0,,,,,,,,0.0,5.0,
317,James Madison,2026,2,Puck Jansen,Puck Jansen,Jansen,Puck,So,B,,,2.0,2.0,1.0,,,,,,,2.0,6.0,
317,James Madison,2026,13,Elena Giangaspero,Elena Giangaspero,Giangaspero,Elena,Jr,F,,,2.0,0.0,,,,,,,,0.0,2.0,
317,James Madison,2026,21,Sophia Walch,Sophia Walch,Walch,Sophia,So,F,,,2.0,0.0,,,,,,,,0.0,1.0,
317,James Madison,2026,14,Sydney Raguini,Sydney Raguini,Raguini,Sydney,So,F,,,2.0,2.0,,,,,,,,0.0,3.0,
317,James Madison,2026,10,Diede Donders,Diede Donders,Donders,Diede,Fr,F,,,2.0,2.0,,,,,1.0,,,0.0,,
317,James Madison,2026,6,Ella Dunstan,Ella Dunstan,Dunstan,Ella,Fr,B,,,2.0,1.0,,,,,,,,0.0,1.0,
317,James Madison,2026,18,Emma Smit,Emma Smit,Smit,Emma,Fr,F,,,2.0,0.0,,,,,,,,0.0,2.0,
331,Kent St.,2026,20,Adelaide Gagnon,Adelaide Gagnon,Gagnon,Adelaide,So,,,,2.0,2.0,,,,,,,,0.0,3.0,
331,Kent St.,2026,23,Emily Robertson,Emily Robertson,Robertson,Emily,So,,,,2.0,2.0,,,,,,,,0.0,3.0,
331,Kent St.,2026,17,Roos ten Pas,Roos ten Pas,Pas,Roos,So,,,,2.0,0.0,,,,,,,,0.0,2.0,
331,Kent St.,2026,5,Tess Gately,Tess Gately,Gately,Tess,Jr,F,,,2.0,2.0,,,,,,,,0.0,2.0,
331,Kent St.,2026,22,Sophia Livingston,Sophia Livingston,Livingston,Sophia,Sr,M,,,2.0,0.0,1.0,,,,,,,2.0,2.0,
331,Kent St.,2026,25,Eva Usoz,Eva Usoz,Usoz,Eva,Sr,M,,,2.0,2.0,,,,,,,,0.0,7.0,1.0
331,Kent St.,2026,6,Marybritt Duwel,Marybritt Duwel,Duwel,Marybritt,Sr,F,,,2.0,2.0,,,,,,,,0.0,4.0,
331,Kent St.,2026,26,Lauren Conroy,Lauren Conroy,Conroy,Lauren,Sr,B,,,2.0,2.0,,,,,,,,0.0,2.0,
331,Kent St.,2026,1,Maddie McKenney,Maddie McKenney,McKenney,Maddie,Fr,GK,,,1.0,0.0,,,,,,,,0.0,1.0,
331,Kent St.,2026,3,Ava Murphy,Ava Murphy,Murphy,Ava,Jr,M,,,2.0,0.0,,,,,1.0,,,0.0,1.0,
361,LIU,2026,1,Ella Miura,Ella Miura,Miura,Ella,So,M,,,1.0,1.0,,,,,,,,0.0,1.0,
361,LIU,2026,7,Caitlyn Guilfoil,Caitlyn Guilfoil,Guilfoil,Caitlyn,So,M,,,1.0,0.0,,,,,,,,0.0,1.0,
361,LIU,2026,14,Tess Termars,Tess Termars,Termars,Tess,So,F,,,1.0,1.0,,,,,1.0,,,0.0,1.0,
361,LIU,2026,19,Lilly Clark,Lilly Clark,Clark,Lilly,Fr,B,,,1.0,1.0,,,,,,,,0.0,2.0,
361,LIU,2026,8,Ava Peters,Ava Peters,Peters,Ava,Fr,M,,,1.0,1.0,,,,,,,,0.0,1.0,
361,LIU,2026,10,Delfina Gonzalez,Delfina Gonzalez,Gonzalez,Delfina,So,F,,,1.0,1.0,,,,,,,,0.0,1.0,
340,La Salle,2026,24,Erin Sicari,Erin Sicari,Sicari,Erin,So,,,,1.0,0.0,,,,,,,,0.0,1.0,
340,La Salle,2026,22,Brooke Mitchell,Brooke Mitchell,Mitchell,Brooke,So,F,,,1.0,0.0,,,,,1.0,,,0.0,,
340,La Salle,2026,23,Matilda Diedrichsen,Matilda Diedrichsen,Diedrichsen,Matilda,Sr,B,,,1.0,1.0,,,,,,,,0.0,1.0,
340,La Salle,2026,11,Natalie Wilson,Natalie Wilson,Wilson,Natalie,Sr,B,,,1.0,1.0,,,,,,,,0.0,,1.0
340,La Salle,2026,8,Marisol Torreyson,Marisol Torreyson,Torreyson,Marisol,Jr,,,,1.0,1.0,,,,,1.0,,,0.0,2.0,
340,La Salle,2026,26,Darian DeLeo,Darian DeLeo,DeLeo,Darian,Sr,F,,,1.0,1.0,,,,,,,,0.0,2.0,
342,Lafayette,2026,3,Emma Maher,Emma Maher,Maher,Emma,Sr,F,,,2.0,0.0,,,,,1.0,,,0.0,,
342,Lafayette,2026,6,Maddie Evans,Maddie Evans,Evans,Maddie,Sr,M,,,2.0,2.0,,,,,,,,0.0,3.0,
342,Lafayette,2026,1,Olivia Krey,Olivia Krey,Krey,Olivia,Jr,M,,,2.0,2.0,,,,,1.0,,1.0,1.0,,
342,Lafayette,2026,16,Laila Pasic,Laila Pasic,Pasic,Laila,Jr,M,,,2.0,2.0,,,,,,,,0.0,1.0,
342,Lafayette,2026,11,Lea Good,Lea Good,Good,Lea,Sr,M,,,2.0,2.0,,,,,,,,0.0,1.0,
342,Lafayette,2026,25,Rosalie van Gool,Rosalie van Gool,Gool,Rosalie,So,M,,,2.0,2.0,,,,,1.0,,,0.0,,
342,Lafayette,2026,4,Stella Malinowski,Stella Malinowski,Malinowski,Stella,Sr,M,,,2.0,2.0,1.0,,,,1.0,,,2.0,5.0,
342,Lafayette,2026,7,Ines Araujo,Ines Araujo,Araujo,Ines,Sr,B,,,1.0,0.0,,,,,,,,0.0,,1.0
342,Lafayette,2026,23,Lena Thedrian,Lena Thedrian,Thedrian,Lena,Sr,B,,,2.0,2.0,1.0,,,,,,,2.0,4.0,
342,Lafayette,2026,12,Katie Gibb,Katie Gibb,Gibb,Katie,Sr,B,,,2.0,2.0,,,,,,,1.0,1.0,1.0,
352,Lehigh,2026,10,Georgia Reynolds,Georgia Reynolds,Reynolds,Georgia,Sr,B,,,1.0,1.0,,,,,,,,0.0,4.0,
352,Lehigh,2026,1,Carly Smith,Carly Smith,Smith,Carly,Jr,M,,,1.0,1.0,,,,,,,,0.0,2.0,
352,Lehigh,2026,24,Gracen Brant,Gracen Brant,Brant,Gracen,Sr,B,,,1.0,1.0,2.0,,,,,,,4.0,4.0,
352,Lehigh,2026,6,Jordyn Pepper,Jordyn Pepper,Pepper,Jordyn,Jr,,,,1.0,1.0,,,,,1.0,,,0.0,3.0,
352,Lehigh,2026,20,Ella Stephenson,Ella Stephenson,Stephenson,Ella,Sr,B,,,1.0,1.0,,,,,,,,0.0,1.0,
352,Lehigh,2026,21,Samantha Hillman,Samantha Hillman,Hillman,Samantha,So,M,,,1.0,1.0,,,,,,,,0.0,1.0,
352,Lehigh,2026,2,Kristina Johnson,Kristina Johnson,Johnson,Kristina,Jr,F,,,1.0,1.0,,,,,,,,0.0,1.0,
352,Lehigh,2026,11,Lauren Koomans,Lauren Koomans,Koomans,Lauren,Fr,F,,,1.0,0.0,,,,,1.0,,1.0,1.0,2.0,
355,Liberty,2026,11,Josefina Tomasi,Josefina Tomasi,Tomasi,Josefina,Jr,F,,,2.0,2.0,,4.0,,,,,,0.0,6.0,1.0
355,Liberty,2026,12,Mia Santana,Mia Santana,Santana,Mia,So,M,,,2.0,2.0,,7.0,,,,,1.0,1.0,2.0,
355,Liberty,2026,16,Liz Bustillo,Liz Bustillo,Bustillo,Liz,So,M,,,2.0,0.0,,2.0,,,1.0,,,0.0,,
355,Liberty,2026,17,Luna Prieri,Luna Prieri,Prieri,Luna,Sr,F,,,2.0,2.0,2.0,4.0,,,,,,4.0,5.0,
355,Liberty,2026,15,Zoé Gaillard,Zoé Gaillard,Gaillard,Zoé,So,F,,,2.0,0.0,,,,,,,,0.0,1.0,
355,Liberty,2026,4,Morena Giacosa,Morena Giacosa,Giacosa,Morena,So,B,,,2.0,2.0,,,,,,,,0.0,1.0,
355,Liberty,2026,14,Julieta Tornati,Julieta Tornati,Tornati,Julieta,So,B,,,2.0,2.0,1.0,8.0,,,,,,2.0,2.0,
355,Liberty,2026,7,Clarisa Iudicello,Clarisa Iudicello,Iudicello,Clarisa,Fr,M,,,2.0,2.0,,3.0,,,,,,0.0,2.0,
355,Liberty,2026,9,Pia Iapichino,Pia Iapichino,Iapichino,Pia,Fr,F,,,2.0,2.0,,1.0,,,,,1.0,1.0,3.0,
355,Liberty,2026,18,Teshawn De La Rey,Teshawn De La Rey,Rey,Teshawn,Sr,M,,,2.0,2.0,1.0,2.0,,,,,,2.0,5.0,
355,Liberty,2026,19,Alexia Guedouar,Alexia Guedouar,Guedouar,Alexia,Fr,M,,,2.0,0.0,,1.0,,,,,,0.0,,
355,Liberty,2026,13,Kyleigh Faust,Kyleigh Faust,Faust,Kyleigh,Sr,B,,,2.0,2.0,,3.0,,,,,,0.0,1.0,1.0
355,Liberty,2026,24,Avery Pollock,Avery Pollock,Pollock,Avery,Jr,F,,,2.0,0.0,1.0,3.0,,,,,1.0,3.0,4.0,
355,Liberty,2026,32,Dara Semmartin,Dara Semmartin,Semmartin,Dara,Jr,B,,,2.0,2.0,2.0,,,,,,1.0,5.0,3.0,
360,Lock Haven,2026,14,Haley Kvacky,Haley Kvacky,Kvacky,Haley,Jr,M,,,2.0,2.0,,,,,1.0,,1.0,1.0,1.0,
360,Lock Haven,2026,9,Aubrey Richards,Aubrey Richards,Richards,Aubrey,Jr,F,,,2.0,0.0,,,,,,,,0.0,2.0,
360,Lock Haven,2026,1,Madison Friend,Madison Friend,Friend,Madison,Jr,F,,,2.0,2.0,3.0,,,,,,2.0,8.0,8.0,
360,Lock Haven,2026,24,Melanie Beall,Melanie Beall,Beall,Melanie,Sr,F,,,2.0,2.0,2.0,,,,,,,4.0,9.0,
360,Lock Haven,2026,18,Rylee Wassmer,Rylee Wassmer,Wassmer,Rylee,Jr,B,,,2.0,2.0,,,,,1.0,,,0.0,6.0,
360,Lock Haven,2026,27,Paula Sigley,Paula Sigley,Sigley,Paula,Sr,B,,,2.0,2.0,,,,,,,,0.0,2.0,
360,Lock Haven,2026,8,Eva Drumbore,Eva Drumbore,Drumbore,Eva,So,M,,,2.0,2.0,,,,,,,,0.0,2.0,
360,Lock Haven,2026,6,Cassidy Clausnitzer,Cassidy Clausnitzer,Clausnitzer,Cassidy,Fr,F,,,2.0,2.0,,,,,,,,0.0,1.0,
360,Lock Haven,2026,29,Maggie Moylan,Maggie Moylan,Moylan,Maggie,Fr,F,,,2.0,2.0,,,,1.0,1.0,,,0.0,,
360,Lock Haven,2026,19,Max Russell,Max Russell,Russell,Max,Fr,F,,,2.0,0.0,,,,,,,1.0,1.0,,
360,Lock Haven,2026,23,Jenna Connell,Jenna Connell,Connell,Jenna,Fr,F,,,1.0,0.0,,,,,,,,0.0,1.0,
363,Longwood,2026,6,Channy Johnson,Channy Johnson,Johnson,Channy,Sr,F,,,1.0,1.0,1.0,,,,,,,2.0,3.0,
363,Longwood,2026,9,Brenna Kadjeski,Brenna Kadjeski,Kadjeski,Brenna,Jr,F,,,1.0,1.0,,,,,,,,0.0,1.0,
363,Longwood,2026,3,Hailey Flick,Hailey Flick,Flick,Hailey,So,M,,,1.0,1.0,,,,1.0,1.0,,,0.0,4.0,
363,Longwood,2026,18,Caitlin Carraway,Caitlin Carraway,Carraway,Caitlin,Jr,B,,,1.0,1.0,,,,,,,,0.0,1.0,
363,Longwood,2026,22,Emmie Pisterman,Emmie Pisterman,Pisterman,Emmie,Jr,M,,,1.0,1.0,,,,,,,,0.0,1.0,
363,Longwood,2026,20,Ashtyn Blackburn,Ashtyn Blackburn,Blackburn,Ashtyn,Fr,M,,,1.0,0.0,,,,,,,,0.0,1.0,
363,Longwood,2026,4,Sawyer Anderson,Sawyer Anderson,Anderson,Sawyer,Fr,M,,,1.0,1.0,,,,,,,,0.0,2.0,
363,Longwood,2026,5,Caitlin Meeker,Caitlin Meeker,Meeker,Caitlin,So,F,,,1.0,0.0,,,,,,,,0.0,2.0,
363,Longwood,2026,19,Meghan Hyatt,Meghan Hyatt,Hyatt,Meghan,Sr,B,,,1.0,1.0,,,,,,,1.0,1.0,4.0,
367,Louisville,2026,10,Aubreigh Uba,Aubreigh Uba,Uba,Aubreigh,Sr,B,,,2.0,2.0,1.0,,,,,,1.0,3.0,2.0,
367,Louisville,2026,17,Mary Wordelmann,Mary Wordelmann,Wordelmann,Mary,Jr,F,,,2.0,0.0,,,,,,,,0.0,2.0,
367,Louisville,2026,21,Annabel Sep,Annabel Sep,Sep,Annabel,Sr,B,,,2.0,2.0,,,,,,,1.0,1.0,2.0,
367,Louisville,2026,7,Gigi Edwards,Gigi Edwards,Edwards,Gigi,Sr,F,,,2.0,2.0,1.0,,,,,,,2.0,4.0,
367,Louisville,2026,4,Lauren Masters,Lauren Masters,Masters,Lauren,Sr,F,,,2.0,1.0,1.0,,,,,,,2.0,3.0,
367,Louisville,2026,5,Chloe Plumb,Chloe Plumb,Plumb,Chloe,Sr,F,,,1.0,0.0,,,,,,,,0.0,2.0,
367,Louisville,2026,23,Tyler Everslage,Tyler Everslage,Everslage,Tyler,Sr,F,,,2.0,2.0,,,,,,,,0.0,2.0,
367,Louisville,2026,6,Lylah Kaminski,Lylah Kaminski,Kaminski,Lylah,Fr,F,,,2.0,0.0,,,,,,,,0.0,1.0,
367,Louisville,2026,3,Sophia Parker,Sophia Parker,Parker,Sophia,Sr,M,,,2.0,2.0,,,,,1.0,,,0.0,1.0,
367,Louisville,2026,2,Tamera Cookman,Tamera Cookman,Cookman,Tamera,Sr,B,,,2.0,0.0,,,,,1.0,,,0.0,,
380,Maine,2026,17,Martha Barratt,Martha Barratt,Barratt,Martha,So,F,,,2.0,1.0,,1.0,,,,,,0.0,,
380,Maine,2026,16,Brynn Dzengelewski,Brynn Dzengelewski,Dzengelewski,Brynn,Sr,M,,,2.0,2.0,,2.0,,,,,,0.0,,
380,Maine,2026,12,Nicole Kowalewski,Nicole Kowalewski,Kowalewski,Nicole,So,B,,,2.0,2.0,,2.0,,,,,,0.0,,
380,Maine,2026,3,Floor Dijkhuizen,Floor Dijkhuizen,Dijkhuizen,Floor,Jr,F,,,2.0,2.0,,3.0,,,,,,0.0,1.0,
380,Maine,2026,10,Saylor Kuefler,Saylor Kuefler,Kuefler,Saylor,Sr,F,,,2.0,2.0,,4.0,,,,,,0.0,1.0,
380,Maine,2026,7,Emily Chisholm,Emily Chisholm,Chisholm,Emily,Jr,F,,,2.0,2.0,,4.0,,,,,,0.0,2.0,
380,Maine,2026,21,Gabrielle Sousa,Gabrielle Sousa,Sousa,Gabrielle,So,M,,,2.0,1.0,,5.0,,,,,,0.0,,
380,Maine,2026,15,Allison Sweetser,Allison Sweetser,Sweetser,Allison,So,F,,,2.0,0.0,,2.0,,,,,,0.0,1.0,
380,Maine,2026,24,Eloise Penty,Eloise Penty,Penty,Eloise,Sr,B,,,2.0,2.0,,,,,,,,0.0,1.0,
380,Maine,2026,19,Taylor Stanford,Taylor Stanford,Stanford,Taylor,Sr,F,,,2.0,1.0,,3.0,,,,,,0.0,1.0,
380,Maine,2026,22,Luisa Muller,Luisa Muller,Muller,Luisa,Fr,B,,,2.0,2.0,,2.0,,,,,,0.0,1.0,
392,Maryland,2026,11,Ella Fehr,Ella Fehr,Fehr,Ella,Jr,M,,,2.0,2.0,,,,,,,,0.0,3.0,
392,Maryland,2026,20,Feliz Kuhne,Feliz Kuhne,Kuhne,Feliz,So,M,,,2.0,2.0,,,,,,,,0.0,6.0,
392,Maryland,2026,8,Ella Beach,Ella Beach,Beach,Ella,Fr,M,,,2.0,1.0,,,,,,,1.0,1.0,5.0,
392,Maryland,2026,23,Aida Ierubino,Aida Ierubino,Ierubino,Aida,Fr,M,,,2.0,2.0,2.0,,,,,,,4.0,5.0,
392,Maryland,2026,5,Francisca Eschoyez,Francisca Eschoyez,Eschoyez,Francisca,Jr,B,,,2.0,2.0,2.0,,,,,,,4.0,5.0,
392,Maryland,2026,9,Babs Van Hest,Babs Van Hest,Hest,Babs,Jr,F,,,2.0,0.0,1.0,,,,,,2.0,4.0,5.0,
392,Maryland,2026,18,Kendall Gilmore,Kendall Gilmore,Gilmore,Kendall,Fr,M,,,2.0,0.0,,,,,,,,0.0,2.0,
392,Maryland,2026,22,Maddie Vasilios,Maddie Vasilios,Vasilios,Maddie,Sr,M,,,2.0,1.0,1.0,,,,1.0,,,2.0,2.0,
392,Maryland,2026,3,Brinkley Eyre,Brinkley Eyre,Eyre,Brinkley,So,M,,,2.0,0.0,,,,,,,,0.0,1.0,
392,Maryland,2026,13,Jordyn Hollamon,Jordyn Hollamon,Hollamon,Jordyn,So,B,,,2.0,1.0,,,,1.0,1.0,,,0.0,2.0,
392,Maryland,2026,6,Maia Adamson,Maia Adamson,Adamson,Maia,So,M,,,2.0,0.0,,,,,,,,0.0,2.0,
392,Maryland,2026,4,Maci Bradford,Maci Bradford,Bradford,Maci,Sr,F,,,2.0,1.0,,,,,,,3.0,3.0,5.0,
392,Maryland,2026,21,Djuna Eikelboom,Djuna Eikelboom,Eikelboom,Djuna,So,M,,,2.0,0.0,,,,,,,,0.0,2.0,
400,Massachusetts,2026,3,Neva Eisenga,Neva Eisenga,Eisenga,Neva,Sr,B,,,2.0,1.0,,1.0,,,,,,0.0,1.0,
400,Massachusetts,2026,14,Izzy Geoghegan,Izzy Geoghegan,Geoghegan,Izzy,So,F,,,1.0,0.0,,1.0,,,,,,0.0,,
400,Massachusetts,2026,10,Sophia Ponzini,Sophia Ponzini,Ponzini,Sophia,Jr,M,,,1.0,0.0,,1.0,,,,,1.0,1.0,1.0,
400,Massachusetts,2026,7,Lina Kroeger,Lina Kroeger,Kroeger,Lina,So,B,,,2.0,2.0,,1.0,,,,,,0.0,2.0,
400,Massachusetts,2026,13,Elani Sherwood,Elani Sherwood,Sherwood,Elani,Jr,F,,,2.0,2.0,,4.0,,,,,1.0,1.0,,
400,Massachusetts,2026,16,Jenna Herbster,Jenna Herbster,Herbster,Jenna,Sr,B,,,2.0,2.0,,2.0,,,,,,0.0,,
400,Massachusetts,2026,26,Kristy Leonard,Kristy Leonard,Leonard,Kristy,Sr,M,,,2.0,2.0,,4.0,,,,,,0.0,,
400,Massachusetts,2026,2,Sophie Kent,Sophie Kent,Kent,Sophie,So,M,,,2.0,2.0,,3.0,,,,,,0.0,2.0,
400,Massachusetts,2026,8,Cara Falconer,Cara Falconer,Falconer,Cara,Jr,M,,,2.0,2.0,1.0,1.0,,,,,,2.0,2.0,
400,Massachusetts,2026,5,Megan Carpenter,Megan Carpenter,Carpenter,Megan,Sr,B,,,2.0,1.0,,2.0,,,,,1.0,1.0,,
400,Massachusetts,2026,22,Maddie Archer,Maddie Archer,Archer,Maddie,Fr,M,,,2.0,0.0,,1.0,,,,,,0.0,,
400,Massachusetts,2026,15,Isla Campbell,Isla Campbell,Campbell,Isla,Fr,F,,,2.0,1.0,1.0,5.0,,,,,2.0,4.0,6.0,
400,Massachusetts,2026,20,Chiara Curcio,Chiara Curcio,Curcio,Chiara,Jr,B,,,2.0,2.0,,2.0,,,,,,0.0,,
400,Massachusetts,2026,12,Hannah Donald,Hannah Donald,Donald,Hannah,Sr,M,,,2.0,0.0,,3.0,,,,,1.0,1.0,1.0,
400,Massachusetts,2026,18,Amber Fairon,Amber Fairon,Fairon,Amber,Fr,F,,,2.0,1.0,4.0,2.0,,,,,1.0,9.0,9.0,
400,Massachusetts,2026,1,Niamh McKenzie,Niamh McKenzie,McKenzie,Niamh,Sr,F,,,2.0,2.0,3.0,5.0,,,,,,6.0,4.0,
400,Massachusetts,2026,9,Emily Barrett,Emily Barrett,Barrett,Emily,So,F,,,2.0,0.0,1.0,2.0,,,,,,2.0,3.0,
400,Massachusetts,2026,6,Fiene Jenniskens,Fiene Jenniskens,Jenniskens,Fiene,So,M,,,2.0,0.0,,4.0,,,,,2.0,2.0,1.0,
408,Mercyhurst,2026,8,Rachel Kosowski,Rachel Kosowski,Kosowski,Rachel,Sr,F,,,1.0,0.0,,,,,,,1.0,1.0,,
408,Mercyhurst,2026,6,Finja Wunner,Finja Wunner,Wunner,Finja,Jr,M,,,1.0,1.0,1.0,,,,,,,2.0,2.0,
408,Mercyhurst,2026,13,Ava Jones,Ava Jones,Jones,Ava,Jr,M,,,1.0,1.0,1.0,,,,,,,2.0,1.0,
408,Mercyhurst,2026,7,Hailey Hatfield,Hailey Hatfield,Hatfield,Hailey,So,M,,,1.0,1.0,,,,,1.0,,,0.0,,
408,Mercyhurst,2026,21,Anna Napolillo,Anna Napolillo,Napolillo,Anna,Fr,M,,,1.0,1.0,,,,,,,1.0,1.0,1.0,
408,Mercyhurst,2026,20,Ally George,Ally George,George,Ally,Fr,F,,,1.0,1.0,,,,,,,,0.0,1.0,
410,Merrimack,2026,5,Gianna Cioni,Gianna Cioni,Cioni,Gianna,Jr,F,,,1.0,1.0,,,,,,,,0.0,1.0,
410,Merrimack,2026,13,Emily Beichert,Emily Beichert,Beichert,Emily,Jr,F,,,1.0,1.0,1.0,,,,,,,2.0,1.0,
410,Merrimack,2026,7,Carly Green,Carly Green,Green,Carly,Fr,B,,,1.0,0.0,,,,,,,2.0,2.0,,
410,Merrimack,2026,12,Alisia Hamm,Alisia Hamm,Hamm,Alisia,Fr,F,,,1.0,0.0,1.0,,,,,,,2.0,1.0,
414,Miami (OH),2026,19,Meg Canfield,Meg Canfield,Canfield,Meg,Sr,M,,,2.0,0.0,1.0,,,,,,,2.0,2.0,
414,Miami (OH),2026,25,Malena Sabez,Malena Sabez,Sabez,Malena,So,B,,,2.0,2.0,,,,,,,,0.0,2.0,
414,Miami (OH),2026,7,Justina Intzes,Justina Intzes,Intzes,Justina,So,M,,,2.0,1.0,1.0,,,,,,,2.0,5.0,
414,Miami (OH),2026,14,Lucia Ventos,Lucia Ventos,Ventos,Lucia,Sr,M,,,2.0,2.0,1.0,,,,,,,2.0,1.0,
414,Miami (OH),2026,16,Bet Gifra,Bet Gifra,Gifra,Bet,So,F,,,2.0,2.0,,,,,,,,0.0,4.0,
414,Miami (OH),2026,1,Sloane Wearren,Sloane Wearren,Wearren,Sloane,Sr,M,,,2.0,2.0,,,,,,,,0.0,6.0,
414,Miami (OH),2026,23,Julia Fernandez,Julia Fernandez,Fernandez,Julia,So,B,,,2.0,2.0,,,,,,,1.0,1.0,,
414,Miami (OH),2026,50,Maxima Aguirregc,Maxima Aguirregc,Aguirregc,Maxima,Fr,M,,,2.0,2.0,,,,,,,1.0,1.0,6.0,
414,Miami (OH),2026,6,Sofia Scarlatti,Sofia Scarlatti,Scarlatti,Sofia,Fr,M,,,2.0,1.0,,,,,1.0,,,0.0,,
418,Michigan,2026,22,Zoe Bormet,Zoe Bormet,Bormet,Zoe,Sr,M,,,2.0,0.0,,,,,,,,0.0,1.0,
418,Michigan,2026,10,Maxine Rogge,Maxine Rogge,Rogge,Maxine,So,B,,,2.0,2.0,,,,,,,,0.0,1.0,
418,Michigan,2026,21,Cami Wiseman,Cami Wiseman,Wiseman,Cami,Jr,F,,,2.0,2.0,,,,,,,,0.0,6.0,
418,Michigan,2026,15,Eva Bernardy,Eva Bernardy,Bernardy,Eva,Jr,B,,,2.0,2.0,1.0,,,,,,,2.0,5.0,
418,Michigan,2026,14,Natalie Millman,Natalie Millman,Millman,Natalie,Sr,M,,,2.0,2.0,,,,,,,,0.0,1.0,
418,Michigan,2026,3,Abby Burnett,Abby Burnett,Burnett,Abby,Sr,B,,,2.0,2.0,,,,,,,,0.0,1.0,
418,Michigan,2026,8,Kelsey Reviello,Kelsey Reviello,Reviello,Kelsey,Sr,M,,,2.0,2.0,,,,,1.0,,,0.0,,
418,Michigan,2026,13,Dru Moffett,Dru Moffett,Moffett,Dru,Jr,M,,,2.0,0.0,,,,,,,,0.0,1.0,
418,Michigan,2026,24,Juliette Manzur,Juliette Manzur,Manzur,Juliette,Sr,F,,,2.0,0.0,,,,,1.0,,,0.0,1.0,
418,Michigan,2026,16,Sofia Ghanbari,Sofia Ghanbari,Ghanbari,Sofia,So,F,,,2.0,0.0,1.0,,,,,,,2.0,1.0,
418,Michigan,2026,4,Milaw Clause,Milaw Clause,Clause,Milaw,Jr,M,,,2.0,0.0,,,,,1.0,,,0.0,,
418,Michigan,2026,1,Matilda Gibson,Matilda Gibson,Gibson,Matilda,Fr,F,,,2.0,2.0,,,,,1.0,,,0.0,,
416,Michigan St.,2026,24,Ella Tambroni,Ella Tambroni,Tambroni,Ella,So,M,,,2.0,2.0,,,,,,,1.0,1.0,,
416,Michigan St.,2026,17,Caroline Horace,Caroline Horace,Horace,Caroline,So,F,,,2.0,2.0,,,,,,,,0.0,1.0,
416,Michigan St.,2026,20,Ellie Kendall,Ellie Kendall,Kendall,Ellie,So,M,,,2.0,2.0,1.0,,,,,,,2.0,3.0,
416,Michigan St.,2026,23,Emmy Wellejus,Emmy Wellejus,Wellejus,Emmy,So,B,,,2.0,0.0,,,,,,,,0.0,1.0,
416,Michigan St.,2026,9,Ella Mckernan,Ella Mckernan,Mckernan,Ella,So,F,,,2.0,2.0,,,,,1.0,,,0.0,2.0,
416,Michigan St.,2026,5,Mora Cavazza,Mora Cavazza,Cavazza,Mora,Jr,M,,,2.0,0.0,1.0,,,,,,,2.0,2.0,
416,Michigan St.,2026,2,Nina Angeli,Nina Angeli,Angeli,Nina,Jr,F,,,2.0,2.0,1.0,,,,,,,2.0,4.0,
416,Michigan St.,2026,21,Rilyn Lehman,Rilyn Lehman,Lehman,Rilyn,So,B,,,2.0,0.0,,,,,,,,0.0,1.0,
416,Michigan St.,2026,14,Lilian Knorr,Lilian Knorr,Knorr,Lilian,Jr,M,,,2.0,2.0,,,,,,,1.0,1.0,3.0,
416,Michigan St.,2026,3,Bianca Pizano,Bianca Pizano,Pizano,Bianca,Sr,F,,,2.0,2.0,3.0,,,,,,,6.0,8.0,
416,Michigan St.,2026,18,Caro Schäfer,Caro Schäfer,Schäfer,Caro,Jr,B,,,2.0,2.0,,,,,,,,0.0,1.0,
416,Michigan St.,2026,16,Carmen Maudlin,Carmen Maudlin,Maudlin,Carmen,Jr,M,,,2.0,1.0,,,,,,,,0.0,6.0,
416,Michigan St.,2026,15,Aiden Weinmann,Aiden Weinmann,Weinmann,Aiden,Fr,F,,,2.0,0.0,,,,,,,,0.0,1.0,
416,Michigan St.,2026,22,Mary-Sophie Mueller,Mary-Sophie Mueller,Mueller,Mary-Sophie,Jr,F,,,2.0,0.0,,,,,,,,0.0,2.0,
439,Monmouth,2026,13,Eulalie Brouwers,Eulalie Brouwers,Brouwers,Eulalie,Sr,M,,,2.0,2.0,,9.0,,,,,1.0,1.0,,
439,Monmouth,2026,11,Milla Frye,Milla Frye,Frye,Milla,Jr,M,,,2.0,2.0,1.0,6.0,,,1.0,,,2.0,5.0,
439,Monmouth,2026,24,Hannah Tromble,Hannah Tromble,Tromble,Hannah,Sr,M,,,2.0,2.0,1.0,4.0,,,,,,2.0,2.0,
439,Monmouth,2026,5,Abigail Travers,Abigail Travers,Travers,Abigail,Jr,M,,,2.0,0.0,,1.0,,,,,,0.0,,
439,Monmouth,2026,21,Stella Goddard-Despot,Stella Goddard-Despot,Goddard-Despot,Stella,Jr,M,,,2.0,0.0,,,,,,,1.0,1.0,1.0,
439,Monmouth,2026,17,Maia McCourt,Maia McCourt,McCourt,Maia,So,,,,2.0,2.0,1.0,9.0,,,,,,2.0,1.0,
439,Monmouth,2026,10,Lilly Ricks,Lilly Ricks,Ricks,Lilly,Jr,F,,,2.0,2.0,,8.0,,,,,1.0,1.0,2.0,
439,Monmouth,2026,6,Florence van Doorn,Florence van Doorn,Doorn,Florence,So,,,,2.0,2.0,,4.0,,,1.0,,,0.0,1.0,
439,Monmouth,2026,20,Ava Zerfass,Ava Zerfass,Zerfass,Ava,Sr,F,,,2.0,0.0,,1.0,,,,,1.0,1.0,,
439,Monmouth,2026,7,Lauren Relik,Lauren Relik,Relik,Lauren,Sr,M,,,2.0,0.0,1.0,5.0,,,,,1.0,3.0,1.0,
439,Monmouth,2026,12,Keely Bowers,Keely Bowers,Bowers,Keely,Jr,M,,,2.0,0.0,1.0,5.0,,,,,1.0,3.0,3.0,
439,Monmouth,2026,26,Claire Campen,Claire Campen,Campen,Claire,Jr,F,,,2.0,2.0,,3.0,,,,,,0.0,3.0,
439,Monmouth,2026,22,Alicia Vanderlyde,Alicia Vanderlyde,Vanderlyde,Alicia,So,,,,2.0,0.0,,3.0,,,,,,0.0,,
439,Monmouth,2026,3,Audrey Mullen,Audrey Mullen,Mullen,Audrey,Jr,B,,,1.0,1.0,,,,,,,,0.0,,1.0
439,Monmouth,2026,18,Eabha Curran,Eabha Curran,Curran,Eabha,Jr,F,,,2.0,2.0,1.0,6.0,,,,,,2.0,5.0,
439,Monmouth,2026,8,Maja Schroeder,Maja Schroeder,Schroeder,Maja,Fr,B,,,2.0,1.0,,7.0,,,,,1.0,1.0,1.0,
439,Monmouth,2026,4,Luisa Schlueter,Luisa Schlueter,Schlueter,Luisa,Sr,,,,2.0,2.0,,5.0,,1.0,,,1.0,1.0,1.0,
469,New Hampshire,2026,12,Abigail Johnson,Abigail Johnson,Johnson,Abigail,Sr,B,,,2.0,2.0,,,,,,,,0.0,1.0,1.0
469,New Hampshire,2026,26,Emily Coughlin,Emily Coughlin,Coughlin,Emily,So,M,,,2.0,2.0,,,,,,,,0.0,1.0,
469,New Hampshire,2026,22,Julianna Casucci,Julianna Casucci,Casucci,Julianna,Fr,F,,,2.0,2.0,1.0,,,,,,,2.0,2.0,
469,New Hampshire,2026,14,Mckenna Nelson,Mckenna Nelson,Nelson,Mckenna,Fr,M,,,2.0,0.0,,,,,,,,0.0,1.0,
470,New Haven,2026,10,Riley Schoonmaker,Riley Schoonmaker,Schoonmaker,Riley,Sr,B,,,2.0,2.0,,4.0,,,,,,0.0,,1.0
470,New Haven,2026,17,Abbie Volfman,Abbie Volfman,Volfman,Abbie,Jr,M,,,2.0,2.0,1.0,6.0,,,1.0,,,2.0,4.0,
470,New Haven,2026,13,Liz Trentmann,Liz Trentmann,Trentmann,Liz,So,B,,,1.0,0.0,,1.0,,,,,,0.0,,
470,New Haven,2026,11,Taylor Amstutz,Taylor Amstutz,Amstutz,Taylor,Jr,M,,,1.0,0.0,,2.0,,,1.0,,,0.0,,
470,New Haven,2026,15,Lauren Schoonmaker,Lauren Schoonmaker,Schoonmaker,Lauren,So,F,,,2.0,2.0,,10.0,,,,,2.0,2.0,12.0,
470,New Haven,2026,9,Hailey Sullivan,Hailey Sullivan,Sullivan,Hailey,So,M,,,2.0,2.0,,6.0,,,,,,0.0,,
470,New Haven,2026,2,Jordan Gagliastro,Jordan Gagliastro,Gagliastro,Jordan,Sr,F,,,2.0,1.0,,4.0,,,,,,0.0,6.0,
470,New Haven,2026,27,Allie Brown,Allie Brown,Brown,Allie,Sr,M,,,2.0,2.0,,2.0,,,,,,0.0,2.0,
470,New Haven,2026,24,Kristen MacAuley,Kristen MacAuley,MacAuley,Kristen,Sr,B,,,2.0,2.0,,4.0,,,,,,0.0,,
470,New Haven,2026,16,Jalia Cooper,Jalia Cooper,Cooper,Jalia,Jr,F,,,2.0,2.0,1.0,8.0,,,,,1.0,3.0,5.0,
470,New Haven,2026,5,Emma Beaujouan,Emma Beaujouan,Beaujouan,Emma,Sr,F,,,2.0,1.0,1.0,4.0,,,,,1.0,3.0,5.0,
470,New Haven,2026,23,Katie Thomas,Katie Thomas,Thomas,Katie,Jr,M,,,1.0,1.0,,2.0,,,,,,0.0,,
470,New Haven,2026,14,Caroline Kelly,Caroline Kelly,Kelly,Caroline,Fr,,,,2.0,2.0,,1.0,,,,,,0.0,,
470,New Haven,2026,30,Morgan Harrington,Morgan Harrington,Harrington,Morgan,Fr,,,,1.0,1.0,,,,,,,,0.0,1.0,
457,North Carolina,2026,2,Charly Bruder,Charly Bruder,Bruder,Charly,Sr,F,,,2.0,2.0,1.0,,,,,,1.0,3.0,16.0,
457,North Carolina,2026,6,Coco Courtright,Coco Courtright,Courtright,Coco,Jr,M,,,2.0,2.0,,,,,,,1.0,1.0,1.0,
457,North Carolina,2026,20,Hope Haynes,Hope Haynes,Haynes,Hope,Sr,B,,,2.0,2.0,,,,,,,,0.0,2.0,
457,North Carolina,2026,8,Reese Anetsberger,Reese Anetsberger,Anetsberger,Reese,So,F,,,2.0,2.0,,,,,,,,0.0,5.0,
457,North Carolina,2026,25,Reid Miller,Reid Miller,Miller,Reid,So,M,,,2.0,2.0,,,,,,,,0.0,2.0,
457,North Carolina,2026,21,Sylvie Notine,Sylvie Notine,Notine,Sylvie,So,M,,,2.0,0.0,,,,,,,,0.0,1.0,
457,North Carolina,2026,4,Molly Catchpole,Molly Catchpole,Catchpole,Molly,Sr,M,,,2.0,2.0,1.0,,,,,,,2.0,3.0,
457,North Carolina,2026,19,Molly Nussbaumer,Molly Nussbaumer,Nussbaumer,Molly,Fr,M,,,2.0,0.0,,,,,,,,0.0,1.0,
457,North Carolina,2026,10,Sofia Ferri,Sofia Ferri,Ferri,Sofia,Fr,M,,,2.0,2.0,1.0,,,,,,,2.0,2.0,1.0
500,Northeastern,2026,21,Lucy Walton,Lucy Walton,Walton,Lucy,So,,,,2.0,2.0,,,,,,,1.0,1.0,7.0,
500,Northeastern,2026,11,Jessica Garden,Jessica Garden,Garden,Jessica,So,,,,2.0,2.0,1.0,,,1.0,1.0,,,2.0,2.0,
500,Northeastern,2026,18,Camille Armaganian,Camille Armaganian,Armaganian,Camille,Jr,B,,,2.0,2.0,2.0,,,,,,,4.0,3.0,
500,Northeastern,2026,10,Alexandra Mega,Alexandra Mega,Mega,Alexandra,Sr,M,,,2.0,2.0,1.0,,,,,,,2.0,4.0,
500,Northeastern,2026,13,Hannah Simon,Hannah Simon,Simon,Hannah,So,,,,2.0,2.0,,,,,1.0,,,0.0,,
500,Northeastern,2026,5,Phoebe Hall,Phoebe Hall,Hall,Phoebe,Sr,B,,,2.0,2.0,,,,,,,,0.0,5.0,
500,Northeastern,2026,9,Maddie Funk,Maddie Funk,Funk,Maddie,Fr,M,,,2.0,1.0,,,,,1.0,,,0.0,,
500,Northeastern,2026,2,Clara Ojea Quintana,Clara Ojea Quintana,Quintana,Clara,Fr,F,,,2.0,0.0,,,,,,,,0.0,1.0,
500,Northeastern,2026,24,Maggie Lundy,Maggie Lundy,Lundy,Maggie,Fr,F,,,2.0,1.0,,,,,,,1.0,1.0,,
509,Northwestern,2026,21,Ella Kokinis,Ella Kokinis,Kokinis,Ella,Sr,M,,,2.0,2.0,1.0,,,,,,,2.0,2.0,
509,Northwestern,2026,18,Laura Salamanca,Laura Salamanca,Salamanca,Laura,Jr,M,,,2.0,2.0,,,,1.0,,,,0.0,6.0,
509,Northwestern,2026,5,Kerry McCormick,Kerry McCormick,McCormick,Kerry,Sr,B,,,2.0,2.0,,,,,,,,0.0,1.0,
509,Northwestern,2026,7,Aerin Krys,Aerin Krys,Krys,Aerin,Sr,F,,,2.0,2.0,,,,,,,1.0,1.0,2.0,
509,Northwestern,2026,9,Ilse Tromp,Ilse Tromp,Tromp,Ilse,Sr,B,,,2.0,2.0,,,,,,,,0.0,6.0,
509,Northwestern,2026,11,Piper Borz,Piper Borz,Borz,Piper,Sr,F,,,2.0,2.0,,,,,,,1.0,1.0,5.0,
509,Northwestern,2026,8,Raquel Hofmeister,Raquel Hofmeister,Hofmeister,Raquel,Fr,F,,,2.0,1.0,,,,,,,,0.0,1.0,
509,Northwestern,2026,12,Jessica Freedman,Jessica Freedman,Freedman,Jessica,So,M,,,2.0,2.0,2.0,,,,,,,4.0,5.0,
509,Northwestern,2026,15,Sol Martinez Vivo,Sol Martinez Vivo,Vivo,Sol,Jr,M,,,2.0,2.0,,,,,1.0,,,0.0,,
519,Ohio,2026,3,Ava Hershberger,Ava Hershberger,Hershberger,Ava,Jr,B,,,2.0,1.0,,,,,,,,0.0,1.0,
519,Ohio,2026,13,Annie Ryan,Annie Ryan,Ryan,Annie,Sr,M,,,2.0,1.0,,,,,,,,0.0,2.0,
519,Ohio,2026,22,Iona Roderick,Iona Roderick,Roderick,Iona,So,M,,,2.0,1.0,,,,,,,,0.0,2.0,
519,Ohio,2026,8,Deborah James,Deborah James,James,Deborah,Jr,B,,,2.0,2.0,1.0,,,,,,,2.0,5.0,
519,Ohio,2026,19,Adi Geer,Adi Geer,Geer,Adi,So,F,,,2.0,1.0,,,,,1.0,,,0.0,2.0,
519,Ohio,2026,5,Katie Cole,Katie Cole,Cole,Katie,So,M,,,2.0,0.0,,,,,,,,0.0,1.0,
519,Ohio,2026,2,Natalie LaFleur,Natalie LaFleur,LaFleur,Natalie,Sr,F,,,2.0,2.0,,,,,,,1.0,1.0,,
519,Ohio,2026,23,Emily Beitzel,Emily Beitzel,Beitzel,Emily,Sr,M,,,2.0,2.0,,,,,,,,0.0,1.0,
519,Ohio,2026,25,Ava Florence,Ava Florence,Florence,Ava,So,,,,2.0,0.0,,,,,,,1.0,1.0,1.0,
519,Ohio,2026,6,Tiana Nhamoinesu,Tiana Nhamoinesu,Nhamoinesu,Tiana,So,F,,,2.0,2.0,1.0,,,,,,,2.0,7.0,
519,Ohio,2026,21,Karley DuCoin,Karley DuCoin,DuCoin,Karley,So,F,,,2.0,0.0,1.0,,,,,,,2.0,1.0,
519,Ohio,2026,20,Mia Scheulen,Mia Scheulen,Scheulen,Mia,Jr,F,,,2.0,0.0,,,,,,,1.0,1.0,,
519,Ohio,2026,16,Maddie Hill,Maddie Hill,Hill,Maddie,Fr,M,,,2.0,1.0,,,,,,,,0.0,2.0,
518,Ohio St.,2026,25,Anne Marie Krebs,Anne Marie Krebs,Krebs,Anne,Sr,F,,,2.0,1.0,,,,,,,,0.0,4.0,
518,Ohio St.,2026,28,Sienna Golden,Sienna Golden,Golden,Sienna,Jr,F,,,2.0,2.0,1.0,,,,,,,2.0,3.0,
518,Ohio St.,2026,3,Mary Davis,Mary Davis,Davis,Mary,Jr,M,,,2.0,0.0,,,,,,,,0.0,1.0,
518,Ohio St.,2026,2,Autum Kernechel,Autum Kernechel,Kernechel,Autum,So,M,,,2.0,2.0,,,,,,,,0.0,1.0,
518,Ohio St.,2026,20,Katie Crump,Katie Crump,Crump,Katie,So,M,,,2.0,1.0,,,,,,,1.0,1.0,1.0,
518,Ohio St.,2026,22,Grace Dixon,Grace Dixon,Dixon,Grace,Jr,B,,,2.0,0.0,1.0,,,,,,,2.0,1.0,
518,Ohio St.,2026,9,Carmela Maro,Carmela Maro,Maro,Carmela,So,F,,,2.0,2.0,1.0,,,,,,,2.0,5.0,
518,Ohio St.,2026,5,Emily Barker,Emily Barker,Barker,Emily,Sr,F,,,2.0,2.0,1.0,,,,,,1.0,3.0,4.0,
518,Ohio St.,2026,19,Victoria Kutz,Victoria Kutz,Kutz,Victoria,Jr,M,,,2.0,2.0,,,,,,,1.0,1.0,,
518,Ohio St.,2026,6,Raleigh Kerst,Raleigh Kerst,Kerst,Raleigh,So,F,,,2.0,0.0,,,,,,,,0.0,2.0,
518,Ohio St.,2026,17,Philippa Schipper,Philippa Schipper,Schipper,Philippa,Jr,B,,,1.0,1.0,,,,,,,,0.0,3.0,
518,Ohio St.,2026,33,Maddie Bogle,Maddie Bogle,Bogle,Maddie,Jr,B,,,2.0,0.0,,,,,,,,0.0,3.0,
518,Ohio St.,2026,24,Lea DeWan,Lea DeWan,DeWan,Lea,Fr,M,,,2.0,0.0,,,,,,,,0.0,2.0,
518,Ohio St.,2026,8,Senna Schot,Senna Schot,Schot,Senna,Fr,M,,,2.0,2.0,,,,,,,,0.0,1.0,
518,Ohio St.,2026,18,Emerson Swartz,Emerson Swartz,Swartz,Emerson,Fr,M,,,1.0,0.0,,,,,,,,0.0,1.0,
518,Ohio St.,2026,13,Phillippa Jowett,Phillippa Jowett,Jowett,Phillippa,Fr,B,,,2.0,2.0,,,,,,,,0.0,5.0,
523,Old Dominion,2026,28,Josie Painter,Josie Painter,Painter,Josie,Jr,F,,,2.0,2.0,2.0,,,,,,3.0,7.0,2.0,
523,Old Dominion,2026,26,Avery Jackson,Avery Jackson,Jackson,Avery,Sr,M,,,2.0,0.0,,,,,1.0,,,0.0,1.0,
523,Old Dominion,2026,24,Josi John,Josi John,John,Josi,Sr,M,,,2.0,0.0,,,,,,,,0.0,1.0,
523,Old Dominion,2026,10,Isabella DeCesaris,Isabella DeCesaris,DeCesaris,Isabella,So,M,,,2.0,2.0,1.0,,,,,,,2.0,6.0,
523,Old Dominion,2026,8,Madison Zalewski,Madison Zalewski,Zalewski,Madison,Jr,F,,,2.0,2.0,,,,,,,,0.0,1.0,
523,Old Dominion,2026,27,Nicolette Saccomandi,Nicolette Saccomandi,Saccomandi,Nicolette,Sr,M,,,2.0,2.0,,,,,,,2.0,2.0,,
523,Old Dominion,2026,7,Serena Langendoen,Serena Langendoen,Langendoen,Serena,Jr,B,,,2.0,2.0,2.0,,,,,,2.0,6.0,6.0,
523,Old Dominion,2026,5,Lotte Haagmans,Lotte Haagmans,Haagmans,Lotte,Jr,F,,,2.0,2.0,1.0,,,,,,1.0,3.0,1.0,
523,Old Dominion,2026,17,Geraldine Daenekindt,Geraldine Daenekindt,Daenekindt,Geraldine,Fr,F,,,2.0,0.0,1.0,,,,,,,2.0,3.0,
523,Old Dominion,2026,15,Sofia MARCIANO,Sofia MARCIANO,MARCIANO,Sofia,Jr,M,,,2.0,2.0,2.0,,,,,,1.0,5.0,8.0,
523,Old Dominion,2026,2,Anna Riesser,Anna Riesser,Riesser,Anna,Fr,B,,,2.0,0.0,1.0,,,,,,,2.0,2.0,
539,Penn St.,2026,10,Olivia Marthins,Olivia Marthins,Marthins,Olivia,So,,,,2.0,0.0,2.0,,,,,,,4.0,5.0,
539,Penn St.,2026,6,Kerry O'Donnell,Kerry O'Donnell,O'Donnell,Kerry,Jr,,,,1.0,0.0,,,,,,,1.0,1.0,,
539,Penn St.,2026,24,Hope Russo,Hope Russo,Russo,Hope,So,,,,2.0,0.0,1.0,,,,,,,2.0,6.0,
539,Penn St.,2026,1,Natalie Freeman,Natalie Freeman,Freeman,Natalie,Sr,,,,2.0,2.0,1.0,,,,,,,2.0,5.0,
539,Penn St.,2026,7,Josephine Purdy,Josephine Purdy,Purdy,Josephine,So,,,,2.0,2.0,2.0,,,,,,1.0,5.0,4.0,
539,Penn St.,2026,12,Carly Seal,Carly Seal,Seal,Carly,Jr,,,,1.0,0.0,,,,,1.0,,,0.0,,
539,Penn St.,2026,14,Cam Standish,Cam Standish,Standish,Cam,Sr,M,,,2.0,0.0,,,,,,,2.0,2.0,1.0,
539,Penn St.,2026,9,Lilly Holmes,Lilly Holmes,Holmes,Lilly,Fr,B,,,2.0,2.0,,,,,,,1.0,1.0,5.0,
539,Penn St.,2026,21,Sienna Dunn,Sienna Dunn,Dunn,Sienna,Sr,M,,,2.0,2.0,1.0,,,,,,3.0,5.0,3.0,
539,Penn St.,2026,4,Chloe Dhage,Chloe Dhage,Dhage,Chloe,Fr,F,,,2.0,2.0,2.0,,,,,,1.0,5.0,5.0,
539,Penn St.,2026,26,Ella Gaitan,Ella Gaitan,Gaitan,Ella,Jr,F,,,2.0,1.0,2.0,,,,,,,4.0,9.0,
539,Penn St.,2026,2,Katelyn Strawser,Katelyn Strawser,Strawser,Katelyn,Jr,,,,2.0,0.0,,,,,,,,0.0,1.0,
539,Penn St.,2026,3,Lara Pyle,Lara Pyle,Pyle,Lara,So,,,,2.0,2.0,,,,,,,2.0,2.0,,
556,Providence,2026,20,Johanna Mahner,Johanna Mahner,Mahner,Johanna,Jr,M,,,2.0,2.0,,,,,,,,0.0,1.0,
556,Providence,2026,5,Saar Koper,Saar Koper,Koper,Saar,So,B,,,2.0,2.0,,,,,1.0,,,0.0,,
556,Providence,2026,10,Florencia Talarico,Florencia Talarico,Talarico,Florencia,Sr,M,,,2.0,0.0,,,,,,,,0.0,1.0,
556,Providence,2026,25,Rhylee Givens,Rhylee Givens,Givens,Rhylee,Fr,F,,,2.0,2.0,1.0,,,,,,,2.0,3.0,
556,Providence,2026,26,Darcy Quaile,Darcy Quaile,Quaile,Darcy,Fr,M,,,2.0,2.0,,,,,1.0,,,0.0,2.0,
556,Providence,2026,16,Piper Cline,Piper Cline,Cline,Piper,Jr,F,,,2.0,2.0,,,,,,,1.0,1.0,3.0,
556,Providence,2026,12,Carly van Benten,Carly van Benten,Benten,Carly,Sr,F,,,2.0,2.0,2.0,,,,,,,4.0,4.0,
556,Providence,2026,4,Caelie Patrick,Caelie Patrick,Patrick,Caelie,Jr,M,,,1.0,0.0,,,,,1.0,,,0.0,,
556,Providence,2026,21,Charlotte Lorden,Charlotte Lorden,Lorden,Charlotte,Sr,M,,,2.0,2.0,1.0,,,,,,,2.0,4.0,
556,Providence,2026,7,Lily Procaccianti,Lily Procaccianti,Procaccianti,Lily,Sr,F,,,2.0,2.0,,,,,2.0,,,0.0,3.0,
556,Providence,2026,14,Bo Martina,Bo Martina,Martina,Bo,Sr,M,,,2.0,2.0,,,,,,,,0.0,3.0,
11504,Queens (NC),2026,4,Grace Wagner,Grace Wagner,Wagner,Grace,Sr,B,,,2.0,2.0,1.0,,,,,,,2.0,3.0,
11504,Queens (NC),2026,5,Sarah Hondru,Sarah Hondru,Hondru,Sarah,Jr,M,,,2.0,2.0,,,,,,,,0.0,2.0,
11504,Queens (NC),2026,32,Alana Shimp,Alana Shimp,Shimp,Alana,Jr,M,,,2.0,0.0,,,,,1.0,,,0.0,,
11504,Queens (NC),2026,25,Olivia Gain,Olivia Gain,Gain,Olivia,Jr,M,,,2.0,2.0,,,,,,,2.0,2.0,1.0,
11504,Queens (NC),2026,19,Maddie Just,Maddie Just,Just,Maddie,Jr,M,,,2.0,2.0,,,,,,,1.0,1.0,1.0,
11504,Queens (NC),2026,31,Liv Rainwater,Liv Rainwater,Rainwater,Liv,Sr,M,,,2.0,2.0,1.0,,,,,,,2.0,8.0,
11504,Queens (NC),2026,11,Delfina Gonzalez Fontan,Delfina Gonzalez Fontan,Fontan,Delfina,Jr,F,,,2.0,2.0,1.0,,,,1.0,,,2.0,5.0,
11504,Queens (NC),2026,30,Ines Morixe Stirling,Ines Morixe Stirling,Stirling,Ines,Jr,B,,,2.0,2.0,,,,,,,,0.0,,2.0
11504,Queens (NC),2026,3,Madilyn Donmoyer,Madilyn Donmoyer,Donmoyer,Madilyn,Jr,B,,,2.0,2.0,,,,,,,,0.0,1.0,
11504,Queens (NC),2026,8,Lucy McCloskey,Lucy McCloskey,McCloskey,Lucy,Fr,M,,,2.0,2.0,,,,,,,,0.0,1.0,
562,Quinnipiac,2026,2,Ava Bleier,Ava Bleier,Bleier,Ava,Jr,F,,,2.0,2.0,,3.0,,,,,,0.0,1.0,
562,Quinnipiac,2026,19,Martina Calveira,Martina Calveira,Calveira,Martina,Sr,F,,,2.0,2.0,,15.0,,,,,,0.0,3.0,
562,Quinnipiac,2026,32,Jule Hoefer,Jule Hoefer,Hoefer,Jule,Jr,B,,,2.0,2.0,,6.0,,,,,,0.0,,
562,Quinnipiac,2026,11,Katie Shanahan,Katie Shanahan,Shanahan,Katie,Sr,B,,,2.0,2.0,,6.0,,,,,,0.0,,
562,Quinnipiac,2026,7,Emma Nelson,Emma Nelson,Nelson,Emma,Jr,M,,,2.0,2.0,,3.0,,,,,,0.0,,
562,Quinnipiac,2026,33,Charlie Caunter,Charlie Caunter,Caunter,Charlie,So,M,,,2.0,2.0,,6.0,,,,,,0.0,,
562,Quinnipiac,2026,17,Senne Fassbender,Senne Fassbender,Fassbender,Senne,Fr,B,,,2.0,2.0,,7.0,,,,,,0.0,,
562,Quinnipiac,2026,22,Evelyn Henderson,Evelyn Henderson,Henderson,Evelyn,Fr,F,,,2.0,2.0,1.0,7.0,,,,,1.0,3.0,3.0,
562,Quinnipiac,2026,5,Lauren Keyte,Lauren Keyte,Keyte,Lauren,Sr,M,,,2.0,2.0,,6.0,,,,,,0.0,,
562,Quinnipiac,2026,8,Julia Lutz,Julia Lutz,Lutz,Julia,Fr,M,,,2.0,2.0,1.0,9.0,,,,,1.0,3.0,3.0,
575,Richmond,2026,20,Clara Larripa,Clara Larripa,Larripa,Clara,Sr,F,,,2.0,2.0,3.0,,,,1.0,,,6.0,11.0,
575,Richmond,2026,7,Sarah Ellis,Sarah Ellis,Ellis,Sarah,Jr,M,,,1.0,0.0,,,,,,,,0.0,1.0,
575,Richmond,2026,15,Freya MacKay,Freya MacKay,MacKay,Freya,Sr,B,,,2.0,2.0,,,,,,,1.0,1.0,,
575,Richmond,2026,12,Charly Faherty,Charly Faherty,Faherty,Charly,Sr,M,,,2.0,0.0,,,,,,,1.0,1.0,1.0,
575,Richmond,2026,24,Grace Wiggins,Grace Wiggins,Wiggins,Grace,Jr,M,,,2.0,2.0,,,,,,,1.0,1.0,,
575,Richmond,2026,22,Olivia Eusanio,Olivia Eusanio,Eusanio,Olivia,So,F,,,2.0,0.0,3.0,,,,,,1.0,7.0,3.0,
575,Richmond,2026,30,Valen Luna Paratore,Valen Luna Paratore,Paratore,Valen,Jr,F,,,2.0,2.0,,,,1.0,1.0,,1.0,1.0,4.0,
575,Richmond,2026,10,Leah Horwitz,Leah Horwitz,Horwitz,Leah,N/A,,,,2.0,2.0,,,,,,,1.0,1.0,1.0,
575,Richmond,2026,3,Elen Nicholls,Elen Nicholls,Nicholls,Elen,N/A,,,,2.0,2.0,1.0,,,,,,2.0,4.0,6.0,
575,Richmond,2026,11,Eliana deGennaro,Eliana deGennaro,deGennaro,Eliana,Fr,,,,2.0,2.0,,,,,,,2.0,2.0,1.0,
575,Richmond,2026,21,Malena Magnano,Malena Magnano,Magnano,Malena,Jr,F,,,2.0,0.0,1.0,,,,,,2.0,4.0,5.0,
575,Richmond,2026,17,Abril Peroni,Abril Peroni,Peroni,Abril,Fr,,,,2.0,2.0,4.0,,,,,,,8.0,6.0,
575,Richmond,2026,8,Maura Seeger,Maura Seeger,Seeger,Maura,Fr,,,,2.0,2.0,,,,,,,,0.0,3.0,
576,Rider,2026,22,Mackenzie Smith,Mackenzie Smith,Smith,Mackenzie,So,F,,,2.0,0.0,,1.0,,,,,,0.0,,
576,Rider,2026,20,Ryleigh Damminger,Ryleigh Damminger,Damminger,Ryleigh,So,F,,,2.0,1.0,,8.0,,,,,,0.0,,
576,Rider,2026,11,Martina de Cespedes Carballo,Martina de Cespedes Carballo,Carballo,Martina,So,F,,,2.0,1.0,,,,,,,1.0,1.0,1.0,
576,Rider,2026,24,Emma Bonshak,Emma Bonshak,Bonshak,Emma,Sr,F,,,2.0,2.0,1.0,2.0,,1.0,1.0,,1.0,3.0,2.0,
576,Rider,2026,4,Liv Cox,Liv Cox,Cox,Liv,Sr,F,,,1.0,0.0,,1.0,,,,,,0.0,,
576,Rider,2026,6,Amanda Walker,Amanda Walker,Walker,Amanda,Jr,F,,,2.0,0.0,1.0,2.0,,,,,,2.0,1.0,
576,Rider,2026,1,Ang Borisow,Ang Borisow,Borisow,Ang,Sr,M,,,2.0,2.0,,2.0,,,1.0,,,0.0,2.0,
576,Rider,2026,23,Hailey Hoffman,Hailey Hoffman,Hoffman,Hailey,Jr,,,,2.0,0.0,,,,,,,,0.0,1.0,
576,Rider,2026,13,Samantha Biondi,Samantha Biondi,Biondi,Samantha,Jr,F,,,2.0,1.0,,3.0,,,,,,0.0,1.0,
576,Rider,2026,14,Julianna Zumas,Julianna Zumas,Zumas,Julianna,Fr,M,,,2.0,1.0,,1.0,,,,,,0.0,,
576,Rider,2026,7,Ella Lewis,Ella Lewis,Lewis,Ella,Fr,M,,,2.0,1.0,,2.0,,,,,,0.0,,
576,Rider,2026,21,Eja-Maylin Mahdaoui,Eja-Maylin Mahdaoui,Mahdaoui,Eja-Maylin,Fr,M,,,2.0,0.0,,5.0,,,,,,0.0,,
576,Rider,2026,15,Addison Mcconnell,Addison Mcconnell,Mcconnell,Addison,Fr,B,,,2.0,2.0,,1.0,,,1.0,,,0.0,,1.0
576,Rider,2026,9,Caroline Mauer,Caroline Mauer,Mauer,Caroline,Fr,M,,,2.0,2.0,,6.0,,,,,1.0,1.0,4.0,
576,Rider,2026,19,Delaney Mack,Delaney Mack,Mack,Delaney,Fr,M,,,2.0,1.0,,2.0,,,,,,0.0,,
576,Rider,2026,12,Lainey Miller,Lainey Miller,Miller,Lainey,Fr,M,,,2.0,2.0,,,,,1.0,,,0.0,,
587,Rutgers,2026,14,Sophie Kuiper,Sophie Kuiper,Kuiper,Sophie,Jr,F,,,2.0,2.0,,2.0,,,,,2.0,2.0,1.0,
587,Rutgers,2026,7,Olivia Stazi,Olivia Stazi,Stazi,Olivia,Jr,M,,,2.0,0.0,1.0,,,,,,,2.0,2.0,
587,Rutgers,2026,12,Julia Vinas Nieto,Julia Vinas Nieto,Nieto,Julia,So,M,,,2.0,1.0,1.0,6.0,,,,,,2.0,1.0,
587,Rutgers,2026,24,Olivia Fraticelli,Olivia Fraticelli,Fraticelli,Olivia,Sr,F,,,2.0,2.0,4.0,1.0,,,,,,8.0,4.0,
587,Rutgers,2026,15,Caroline DeKenipp,Caroline DeKenipp,DeKenipp,Caroline,Jr,M,,,1.0,0.0,,,,,,,,0.0,1.0,
587,Rutgers,2026,17,Anna Cogdell,Anna Cogdell,Cogdell,Anna,Jr,M,,,2.0,2.0,1.0,3.0,,,,,,2.0,9.0,
587,Rutgers,2026,16,Samantha Arnold,Samantha Arnold,Arnold,Samantha,So,B,,,2.0,1.0,,2.0,,,,,,0.0,,
587,Rutgers,2026,20,Lyla Rehill,Lyla Rehill,Rehill,Lyla,So,M,,,2.0,0.0,,,,,1.0,,,0.0,,
587,Rutgers,2026,8,Martha Goodridge,Martha Goodridge,Goodridge,Martha,So,M,,,2.0,2.0,,2.0,,,1.0,,,0.0,3.0,
587,Rutgers,2026,25,Eden Doucelin,Eden Doucelin,Doucelin,Eden,Fr,,,,2.0,2.0,,,,,,,1.0,1.0,,1.0
587,Rutgers,2026,27,Laura Loycke,Laura Loycke,Loycke,Laura,Sr,,,,2.0,1.0,,2.0,,,,,1.0,1.0,1.0,
587,Rutgers,2026,11,Emma Uprichard,Emma Uprichard,Uprichard,Emma,Sr,,,,2.0,2.0,,8.0,,,,,,0.0,,
587,Rutgers,2026,9,Ella Gandy,Ella Gandy,Gandy,Ella,Fr,,,,2.0,0.0,,2.0,,,1.0,,,0.0,,
587,Rutgers,2026,3,Talia Schenck,Talia Schenck,Schenck,Talia,Sr,,,,2.0,2.0,,1.0,,,,,2.0,2.0,2.0,
587,Rutgers,2026,10,Frederique Vernooij,Frederique Vernooij,Vernooij,Frederique,So,,,,2.0,0.0,1.0,2.0,,,1.0,,,2.0,2.0,
590,Sacred Heart,2026,3,Bridget McLaughlin,Bridget McLaughlin,McLaughlin,Bridget,Jr,F,,,2.0,2.0,1.0,,,,,,,2.0,2.0,
590,Sacred Heart,2026,13,Haley Vogt,Haley Vogt,Vogt,Haley,Jr,B,,,2.0,2.0,1.0,,,,,,,2.0,1.0,1.0
590,Sacred Heart,2026,15,Holly DeAngelo,Holly DeAngelo,DeAngelo,Holly,Jr,M,,,2.0,2.0,,,,,,,1.0,1.0,3.0,
590,Sacred Heart,2026,10,Celia Benson,Celia Benson,Benson,Celia,Jr,M,,,2.0,2.0,,,,,,,1.0,1.0,4.0,
590,Sacred Heart,2026,22,Blaire Sparks,Blaire Sparks,Sparks,Blaire,Sr,M,,,2.0,2.0,,,,,,,,0.0,2.0,
590,Sacred Heart,2026,7,Emma-Rose Phillips,Emma-Rose Phillips,Phillips,Emma-Rose,So,F,,,2.0,0.0,,,,,,,1.0,1.0,2.0,
590,Sacred Heart,2026,6,Riley Schultz,Riley Schultz,Schultz,Riley,Fr,M,,,2.0,0.0,,,,,,,,0.0,1.0,
590,Sacred Heart,2026,24,Annabelle Collier,Annabelle Collier,Collier,Annabelle,Fr,F,,,2.0,0.0,,,,,,,,0.0,2.0,
590,Sacred Heart,2026,23,Lauren King,Lauren King,King,Lauren,Fr,F,,,2.0,0.0,,,,,,,,0.0,1.0,
590,Sacred Heart,2026,29,Joey Pompeo,Joey Pompeo,Pompeo,Joey,Fr,M,,,2.0,2.0,1.0,,,,,,,2.0,2.0,
606,Saint Joseph's,2026,7,Adele Jardemar,Adele Jardemar,Jardemar,Adele,Jr,B,,,2.0,2.0,,,,,,,,0.0,4.0,
606,Saint Joseph's,2026,1,Erika Culp,Erika Culp,Culp,Erika,Sr,F,,,2.0,2.0,,,,,,,,0.0,4.0,
606,Saint Joseph's,2026,4,Milou Kluyt,Milou Kluyt,Kluyt,Milou,Sr,B,,,2.0,2.0,,,,,,,1.0,1.0,5.0,
606,Saint Joseph's,2026,23,Kiki Bruning,Kiki Bruning,Bruning,Kiki,Sr,F,,,2.0,1.0,,,,,,,,0.0,1.0,
606,Saint Joseph's,2026,16,Lily DeWan,Lily DeWan,DeWan,Lily,Jr,M,,,2.0,2.0,1.0,,,,,,1.0,3.0,2.0,
606,Saint Joseph's,2026,12,Catherine Arentz,Catherine Arentz,Arentz,Catherine,Sr,F,,,2.0,2.0,1.0,,,,,,,2.0,6.0,
606,Saint Joseph's,2026,9,Alex Enslin,Alex Enslin,Enslin,Alex,So,B,,,2.0,2.0,,,,,,,,0.0,,1.0
606,Saint Joseph's,2026,14,Hannah Bianchino,Hannah Bianchino,Bianchino,Hannah,So,F,,,2.0,1.0,,,,,,,1.0,1.0,2.0,
606,Saint Joseph's,2026,17,Monica Piccioli,Monica Piccioli,Piccioli,Monica,Fr,M,,,2.0,2.0,1.0,,,,,,,2.0,1.0,
606,Saint Joseph's,2026,19,Alison Buffington,Alison Buffington,Buffington,Alison,Sr,F,,,2.0,2.0,,,,,,,,0.0,1.0,
606,Saint Joseph's,2026,3,Amy Noonan,Amy Noonan,Noonan,Amy,Fr,M,,,2.0,0.0,,,,,2.0,,,0.0,,
609,Saint Louis,2026,11,Josie Naeger,Josie Naeger,Naeger,Josie,Jr,M,,,2.0,2.0,,,,,,,1.0,1.0,2.0,
609,Saint Louis,2026,16,Hazel Merry,Hazel Merry,Merry,Hazel,So,B,,,2.0,2.0,,,,,,,,0.0,4.0,
609,Saint Louis,2026,25,Ignacia Manriquez,Ignacia Manriquez,Manriquez,Ignacia,Jr,M,,,2.0,1.0,,,,,,,,0.0,1.0,
609,Saint Louis,2026,3,Dawson Packwood,Dawson Packwood,Packwood,Dawson,So,F,,,2.0,1.0,,,,,,,,0.0,1.0,
609,Saint Louis,2026,10,Ella Etherington,Ella Etherington,Etherington,Ella,Jr,M,,,2.0,2.0,,,,,1.0,,,0.0,3.0,
609,Saint Louis,2026,15,Sierra Larson,Sierra Larson,Larson,Sierra,Sr,F,,,2.0,2.0,,,,,,,,0.0,9.0,
609,Saint Louis,2026,23,RB McGowan,RB McGowan,McGowan,RB,Fr,M,,,2.0,2.0,,,,,,,,0.0,1.0,
609,Saint Louis,2026,19,Maddie Croghan,Maddie Croghan,Croghan,Maddie,Fr,M,,,2.0,2.0,1.0,,,,,,,2.0,3.0,
674,Stanford,2026,4,Esther Pottebaum,Esther Pottebaum,Pottebaum,Esther,Sr,M,,,2.0,2.0,,,,,1.0,,,0.0,,
674,Stanford,2026,8,Star Horlock,Star Horlock,Horlock,Star,Sr,M,,,2.0,2.0,1.0,,,,,,,2.0,3.0,
674,Stanford,2026,5,Mia Clark,Mia Clark,Clark,Mia,Sr,B,,,2.0,2.0,,,,,,,,0.0,2.0,
674,Stanford,2026,2,Jenny O'Grady,Jenny O'Grady,O'Grady,Jenny,Jr,M,,,2.0,1.0,,,,,,,,0.0,1.0,
674,Stanford,2026,16,Kate Nemec,Kate Nemec,Nemec,Kate,Sr,M,,,2.0,0.0,1.0,,,,,,,2.0,1.0,
674,Stanford,2026,20,Summer Knight-Thompson,Summer Knight-Thompson,Knight-Thompson,Summer,So,F,,,2.0,0.0,,,,,,,,0.0,2.0,
674,Stanford,2026,12,Bea Varley,Bea Varley,Varley,Bea,Jr,,,,2.0,0.0,1.0,,,,,,1.0,3.0,4.0,
674,Stanford,2026,21,Natalie Hoppe,Natalie Hoppe,Hoppe,Natalie,So,M,,,2.0,2.0,,,,,1.0,,1.0,1.0,1.0,
674,Stanford,2026,15,Ella Ganocy,Ella Ganocy,Ganocy,Ella,Sr,F,,,2.0,2.0,1.0,,,,,,,2.0,2.0,
674,Stanford,2026,13,Grace Essalih,Grace Essalih,Essalih,Grace,Fr,F,,,2.0,2.0,,,,,1.0,,,0.0,,
674,Stanford,2026,17,Jula Proschel,Jula Proschel,Proschel,Jula,Fr,F,,,2.0,0.0,,,,1.0,,,,0.0,,
674,Stanford,2026,11,Opal Sparling,Opal Sparling,Sparling,Opal,Fr,M,,,2.0,1.0,,,,,,,1.0,1.0,2.0,
674,Stanford,2026,25,Caroline Richard,Caroline Richard,Richard,Caroline,So,B,,,2.0,2.0,1.0,,,,,,,2.0,3.0,
674,Stanford,2026,10,Florien van Tongeren,Florien van Tongeren,Tongeren,Florien,Fr,B,,,2.0,1.0,,,,,,,,0.0,1.0,
682,Stonehill,2026,24,Siena De Roeck,Siena De Roeck,Roeck,Siena,Jr,M,,,1.0,1.0,,,,1.0,,,,0.0,,
682,Stonehill,2026,4,Karleigh Mirabile,Karleigh Mirabile,Mirabile,Karleigh,Sr,F,,,1.0,1.0,1.0,,,,,,,2.0,1.0,
682,Stonehill,2026,5,Julieta D'Antonio,Julieta D'Antonio,D'Antonio,Julieta,Sr,B,,,1.0,1.0,,,,,,,,0.0,1.0,
682,Stonehill,2026,14,Emma McGrory,Emma McGrory,McGrory,Emma,Jr,M,,,1.0,1.0,,,,,,,1.0,1.0,,
688,Syracuse,2026,21,Ally Snyder,Ally Snyder,Snyder,Ally,So,F,,,2.0,1.0,,,,,1.0,,1.0,1.0,,
688,Syracuse,2026,4,Hattie Madden,Hattie Madden,Madden,Hattie,Sr,F,,,2.0,2.0,1.0,,,,,,1.0,3.0,10.0,
688,Syracuse,2026,28,Aubrey Turner,Aubrey Turner,Turner,Aubrey,So,F,,,2.0,2.0,1.0,,,,,,1.0,3.0,9.0,
688,Syracuse,2026,2,Taylor Bigbie,Taylor Bigbie,Bigbie,Taylor,So,F,,,2.0,2.0,1.0,,,,,,,2.0,1.0,
688,Syracuse,2026,6,Belle van de Pas,Belle van de Pas,Pas,Belle,Fr,M,,,2.0,2.0,,,,,1.0,,,0.0,,
688,Syracuse,2026,17,Jess Liddell,Jess Liddell,Liddell,Jess,Fr,B,,,2.0,2.0,,,,,1.0,,1.0,1.0,4.0,
688,Syracuse,2026,11,Grace Anne McCooey,Grace Anne McCooey,McCooey,Grace,Sr,F,,,2.0,0.0,,,,,,,,0.0,1.0,
688,Syracuse,2026,13,Jovie Weaver,Jovie Weaver,Weaver,Jovie,Fr,F,,,2.0,2.0,2.0,,,,,,,4.0,4.0,
690,Temple,2026,32,Riley Gallagher,Riley Gallagher,Gallagher,Riley,Sr,M,,,2.0,2.0,1.0,,,,,,,2.0,1.0,
690,Temple,2026,20,Mathea Lassalle,Mathea Lassalle,Lassalle,Mathea,Sr,F,,,2.0,2.0,,,,,,,,0.0,2.0,
690,Temple,2026,25,Isabella Pisano,Isabella Pisano,Pisano,Isabella,Sr,M,,,2.0,0.0,,,,,1.0,,,0.0,,
690,Temple,2026,17,Lucia Magro,Lucia Magro,Magro,Lucia,So,M,,,2.0,2.0,1.0,,,1.0,,,,2.0,6.0,
690,Temple,2026,27,Rozlyn Maciejewski,Rozlyn Maciejewski,Maciejewski,Rozlyn,Jr,B,,,2.0,2.0,,,,,,,,0.0,4.0,
690,Temple,2026,15,Brooke Weaver,Brooke Weaver,Weaver,Brooke,So,M,,,2.0,2.0,1.0,,,,,,,2.0,1.0,
690,Temple,2026,23,Mina Uezbe,Mina Uezbe,Uezbe,Mina,Fr,M,,,2.0,0.0,,,,,,,1.0,1.0,1.0,
711,Towson,2026,13,Lydia Bennett,Lydia Bennett,Bennett,Lydia,Sr,F,,,2.0,2.0,,,,,,,,0.0,1.0,
711,Towson,2026,10,Gianna Tripodi,Gianna Tripodi,Tripodi,Gianna,Jr,M,,,2.0,0.0,,,,,,,,0.0,2.0,
711,Towson,2026,21,Anouk Westerink,Anouk Westerink,Westerink,Anouk,Jr,F,,,2.0,2.0,,,,,,,,0.0,3.0,
711,Towson,2026,2,Ava McConnell,Ava McConnell,McConnell,Ava,So,M,,,2.0,2.0,,,,,,,,0.0,1.0,
711,Towson,2026,11,Bailey Masten,Bailey Masten,Masten,Bailey,So,M,,,2.0,2.0,,,,,,,,0.0,1.0,
711,Towson,2026,4,Ella Jefferson,Ella Jefferson,Jefferson,Ella,So,M,,,2.0,0.0,,,,,,,,0.0,2.0,
711,Towson,2026,28,Delfina Larripa,Delfina Larripa,Larripa,Delfina,Sr,F,,,2.0,2.0,,,,,1.0,,,0.0,1.0,
711,Towson,2026,9,Else Wismans,Else Wismans,Wismans,Else,Fr,M,,,2.0,2.0,,,,,,,,0.0,4.0,
711,Towson,2026,20,Josefina Sayal,Josefina Sayal,Sayal,Josefina,Jr,B,,,2.0,2.0,,,,,,,,0.0,2.0,
14,UAlbany,2026,14,Lillian Willis,Lillian Willis,Willis,Lillian,So,M,,,2.0,2.0,1.0,,,,1.0,,,2.0,1.0,
14,UAlbany,2026,16,Mathilda Prada,Mathilda Prada,Prada,Mathilda,So,M,,,2.0,0.0,1.0,,,,,,,2.0,3.0,
14,UAlbany,2026,11,Mara Küskes,Mara Küskes,Küskes,Mara,Sr,B,,,2.0,2.0,1.0,,,,,,1.0,3.0,1.0,2.0
14,UAlbany,2026,17,Pilar Lorenzini,Pilar Lorenzini,Lorenzini,Pilar,Sr,B,,,2.0,2.0,,,,,,,1.0,1.0,1.0,
14,UAlbany,2026,9,Jette Kurz,Jette Kurz,Kurz,Jette,So,F,,,2.0,2.0,1.0,,,,,,2.0,4.0,1.0,
14,UAlbany,2026,10,Victoria Derdoy,Victoria Derdoy,Derdoy,Victoria,Fr,F,,,2.0,2.0,2.0,,,,,,,4.0,2.0,
14,UAlbany,2026,23,Tatum Hickey,Tatum Hickey,Hickey,Tatum,Fr,M,,,2.0,2.0,,,,,,,1.0,1.0,3.0,
14,UAlbany,2026,7,Quinty Reumer,Quinty Reumer,Reumer,Quinty,Fr,B,,,2.0,2.0,2.0,,,,,,1.0,5.0,5.0,
14,UAlbany,2026,8,Julieta Martinez,Julieta Martinez,Martinez,Julieta,Fr,F,,,2.0,0.0,,,,,1.0,,,0.0,,
14,UAlbany,2026,2,Aurora Hogan,Aurora Hogan,Hogan,Aurora,Fr,B,,,2.0,2.0,,,,,,,,0.0,,1.0
108,UC Davis,2026,20,Cosette Karleski,Cosette Karleski,Karleski,Cosette,So,F,,,2.0,0.0,1.0,,,,,,,2.0,2.0,
108,UC Davis,2026,1,Molly Main,Molly Main,Main,Molly,Sr,F,,,2.0,0.0,,,,,,,,0.0,1.0,1.0
108,UC Davis,2026,17,Jamie Dempsey,Jamie Dempsey,Dempsey,Jamie,Jr,F,,,2.0,0.0,,,,,,,,0.0,1.0,
108,UC Davis,2026,14,Linnea Liljenstrand-Mjoen,Linnea Liljenstrand-Mjoen,Liljenstrand-Mjoen,Linnea,So,F,,,2.0,2.0,,,,,,,,0.0,2.0,
108,UC Davis,2026,4,Ella Franken,Ella Franken,Franken,Ella,Sr,M,,,2.0,2.0,,,,,,,1.0,1.0,2.0,
108,UC Davis,2026,9,Katie Kim,Katie Kim,Kim,Katie,Sr,M,,,2.0,2.0,,,,,,,,0.0,1.0,
108,UC Davis,2026,5,Morgan Caldera,Morgan Caldera,Caldera,Morgan,Sr,M,,,2.0,2.0,2.0,,,,,,,4.0,2.0,
164,UConn,2026,6,Paige Keller,Paige Keller,Keller,Paige,Jr,M,,,2.0,0.0,,,,,,,1.0,1.0,5.0,
164,UConn,2026,7,Olivia McKenna,Olivia McKenna,McKenna,Olivia,Jr,,,,2.0,2.0,,,,,,,1.0,1.0,2.0,
164,UConn,2026,11,Milou Heuker,Milou Heuker,Heuker,Milou,Jr,B,,,2.0,2.0,1.0,,,1.0,,,2.0,4.0,2.0,
164,UConn,2026,22,Abby Davidson,Abby Davidson,Davidson,Abby,So,,,,2.0,2.0,3.0,,,,,,,6.0,5.0,
164,UConn,2026,19,Emma Larit,Emma Larit,Larit,Emma,So,,,,2.0,2.0,,,,,,,1.0,1.0,,
164,UConn,2026,8,Olivia Machiavelli,Olivia Machiavelli,Machiavelli,Olivia,Jr,,,,2.0,0.0,1.0,,,,1.0,,,2.0,3.0,
164,UConn,2026,18,Olivia Donahue,Olivia Donahue,Donahue,Olivia,Sr,M,,,2.0,0.0,,,,,,,,0.0,1.0,
164,UConn,2026,10,Fien Hollander,Fien Hollander,Hollander,Fien,Jr,B,,,2.0,2.0,1.0,,,,,,1.0,3.0,4.0,
164,UConn,2026,31,Ellie Goldstein,Ellie Goldstein,Goldstein,Ellie,Jr,F,,,2.0,2.0,1.0,,,,1.0,,,2.0,4.0,
164,UConn,2026,26,Charlotte Ritter,Charlotte Ritter,Ritter,Charlotte,Fr,M,,,2.0,1.0,,,,,,,1.0,1.0,,
164,UConn,2026,14,AJ Eyre,AJ Eyre,Eyre,AJ,Jr,M,,,2.0,1.0,,,,,,,1.0,1.0,,
164,UConn,2026,25,Lena Reiche,Lena Reiche,Reiche,Lena,Fr,M,,,2.0,1.0,,,,,,,,0.0,2.0,
164,UConn,2026,30,Lucy Zich,Lucy Zich,Zich,Lucy,Fr,F,,,2.0,2.0,2.0,,,,,,,4.0,8.0,
164,UConn,2026,17,Rocio Heintze,Rocio Heintze,Heintze,Rocio,Fr,M,,,2.0,0.0,,,,,1.0,,,0.0,,
164,UConn,2026,4,Marlijn Swaan,Marlijn Swaan,Swaan,Marlijn,So,,,,2.0,2.0,,,,,,,,0.0,3.0,
164,UConn,2026,5,Faith Everett,Faith Everett,Everett,Faith,So,F,,,2.0,0.0,,,,,,,,0.0,1.0,
368,UMass Lowell,2026,6,Rena Pistilli,Rena Pistilli,Pistilli,Rena,So,M,,,2.0,2.0,1.0,,,,,,,2.0,5.0,
368,UMass Lowell,2026,4,Florine Gerrits,Florine Gerrits,Gerrits,Florine,Sr,F,,,2.0,2.0,,,,,,,,0.0,4.0,
368,UMass Lowell,2026,18,Alice Van Hemelen,Alice Van Hemelen,Hemelen,Alice,Sr,,,,2.0,2.0,1.0,,,,,,,2.0,5.0,
368,UMass Lowell,2026,19,Audrey Carter,Audrey Carter,Carter,Audrey,Jr,,,,2.0,2.0,1.0,,,,,,,2.0,1.0,
368,UMass Lowell,2026,24,Haley Wernig,Haley Wernig,Wernig,Haley,So,F,,,2.0,2.0,,,,,,,,0.0,1.0,
368,UMass Lowell,2026,3,Karli Penrod,Karli Penrod,Penrod,Karli,Sr,M,,,2.0,2.0,1.0,,,,1.0,,,2.0,5.0,
368,UMass Lowell,2026,1,Christina Wagner,Christina Wagner,Wagner,Christina,Sr,F,,,2.0,2.0,,,,,,,,0.0,,1.0
368,UMass Lowell,2026,11,Frédèrique van den Dungen,Frédèrique van den Dungen,Dungen,Frédèrique,So,B,,,2.0,2.0,,,,1.0,,,2.0,2.0,,
368,UMass Lowell,2026,21,Mae Kemps,Mae Kemps,Kemps,Mae,Fr,M,,,2.0,2.0,,,,,,,,0.0,3.0,
740,VCU,2026,6,Mackenzie White,Mackenzie White,White,Mackenzie,Sr,,,,2.0,2.0,,,,,,,,0.0,1.0,
740,VCU,2026,12,Josefina Ventimiglia,Josefina Ventimiglia,Ventimiglia,Josefina,Sr,,,,2.0,2.0,,,,,,,,0.0,6.0,
740,VCU,2026,17,Carley Deaver,Carley Deaver,Deaver,Carley,Sr,,,,2.0,0.0,1.0,,,,,,,2.0,1.0,
740,VCU,2026,8,Manuela Secondo,Manuela Secondo,Secondo,Manuela,Sr,,,,2.0,2.0,,,,,,,,0.0,1.0,
740,VCU,2026,22,Ana Afonso Osorio,Ana Afonso Osorio,Osorio,Ana,Jr,,,,2.0,2.0,,,,,1.0,,,0.0,5.0,1.0
740,VCU,2026,5,Cameron Butler,Cameron Butler,Butler,Cameron,Jr,,,,2.0,2.0,,,,,,,,0.0,1.0,
740,VCU,2026,27,Julia Spohr,Julia Spohr,Spohr,Julia,Fr,,,,2.0,2.0,,,,,,,1.0,1.0,,
738,Vermont,2026,13,Abby Wilber,Abby Wilber,Wilber,Abby,Sr,B,,,2.0,2.0,,2.0,,,,,1.0,1.0,,
738,Vermont,2026,20,Addie DelOrefice,Addie DelOrefice,DelOrefice,Addie,Jr,M,,,2.0,2.0,1.0,3.0,,,,,2.0,4.0,3.0,
738,Vermont,2026,11,Alicia Battistelli,Alicia Battistelli,Battistelli,Alicia,Sr,M,,,2.0,2.0,1.0,9.0,,,,,,2.0,4.0,
738,Vermont,2026,10,Gabriella Santini,Gabriella Santini,Santini,Gabriella,So,M,,,2.0,2.0,1.0,2.0,,,1.0,,,2.0,1.0,
738,Vermont,2026,12,Veerle Nijhuis,Veerle Nijhuis,Nijhuis,Veerle,So,M,,,2.0,2.0,2.0,3.0,,,1.0,,,4.0,4.0,
738,Vermont,2026,6,Fiona McMahon,Fiona McMahon,McMahon,Fiona,So,M,,,2.0,2.0,1.0,1.0,,,1.0,,1.0,3.0,3.0,
738,Vermont,2026,21,Consu de Castro,Consu de Castro,Castro,Consu,Sr,F,,,2.0,2.0,1.0,4.0,,,,,2.0,4.0,5.0,
738,Vermont,2026,7,Lara Cleophas,Lara Cleophas,Cleophas,Lara,Jr,M,,,2.0,2.0,,7.0,,,1.0,,1.0,1.0,1.0,
738,Vermont,2026,5,Isi McMahon,Isi McMahon,McMahon,Isi,So,F,,,2.0,0.0,1.0,4.0,,,,,,2.0,1.0,
738,Vermont,2026,19,Maddy Weaver,Maddy Weaver,Weaver,Maddy,Sr,M,,,2.0,2.0,,5.0,,,,,,0.0,1.0,
738,Vermont,2026,2,Anyia Woods,Anyia Woods,Woods,Anyia,So,M,,,2.0,0.0,,1.0,,,1.0,,,0.0,,
738,Vermont,2026,16,Isabel Schollema,Isabel Schollema,Schollema,Isabel,Fr,M,,,2.0,0.0,,5.0,,,,,,0.0,1.0,
738,Vermont,2026,17,Emily Schultze Enden,Emily Schultze Enden,Enden,Emily,Fr,M,,,2.0,0.0,,1.0,,,,,1.0,1.0,,
738,Vermont,2026,26,Jaime Lewis,Jaime Lewis,Lewis,Jaime,Sr,F,,,2.0,0.0,,4.0,,,,,,0.0,,
739,Villanova,2026,22,Gemma Lysaght,Gemma Lysaght,Lysaght,Gemma,Sr,B,,,2.0,2.0,4.0,,,,,,3.0,11.0,12.0,
739,Villanova,2026,32,Colleen Finnan,Colleen Finnan,Finnan,Colleen,Sr,F,,,2.0,2.0,1.0,,,,1.0,,,2.0,6.0,
739,Villanova,2026,9,Esmee de Lange,Esmee de Lange,Lange,Esmee,Jr,M,,,2.0,0.0,,,,,,,1.0,1.0,1.0,
739,Villanova,2026,10,Aimee Largoza,Aimee Largoza,Largoza,Aimee,So,F,,,2.0,2.0,,,,,,,,0.0,6.0,
739,Villanova,2026,26,Erin Mitchell,Erin Mitchell,Mitchell,Erin,So,M,,,2.0,2.0,,,,,,,1.0,1.0,1.0,
739,Villanova,2026,7,Maeve Boston,Maeve Boston,Boston,Maeve,Sr,M,,,2.0,2.0,,,,,,,4.0,4.0,1.0,
739,Villanova,2026,11,Shannon Arber,Shannon Arber,Arber,Shannon,So,M,,,1.0,0.0,1.0,,,,,,1.0,3.0,1.0,
739,Villanova,2026,17,Molly Zimmerman,Molly Zimmerman,Zimmerman,Molly,Jr,B,,,2.0,2.0,,,,,,,2.0,2.0,,
739,Villanova,2026,12,Evangeline Minnella,Evangeline Minnella,Minnella,Evangeline,Jr,M,,,2.0,2.0,,,,,,,,0.0,1.0,
739,Villanova,2026,24,Katharina Balks,Katharina Balks,Balks,Katharina,Fr,M,,,2.0,0.0,,,,,,,,0.0,2.0,
739,Villanova,2026,16,Adie Minnella,Adie Minnella,Minnella,Adie,Fr,F,,,2.0,2.0,,,,,,,,0.0,1.0,
739,Villanova,2026,1,Ava Borkowski,Ava Borkowski,Borkowski,Ava,Sr,F,,,2.0,2.0,2.0,,,,1.0,,,4.0,3.0,
739,Villanova,2026,20,Emma Foscarini,Emma Foscarini,Foscarini,Emma,Fr,M,,,2.0,0.0,1.0,,,,,,,2.0,1.0,
746,Virginia,2026,10,Amelie Rees,Amelie Rees,Rees,Amelie,Jr,M,,,1.0,0.0,,,,,,,1.0,1.0,,
746,Virginia,2026,3,Riley Savage,Riley Savage,Savage,Riley,So,F,,,1.0,1.0,1.0,,,,,,,2.0,1.0,
746,Virginia,2026,2,Mia Abello,Mia Abello,Abello,Mia,Sr,B,,,1.0,1.0,1.0,,,,,,,2.0,2.0,
746,Virginia,2026,7,Lauren Sloan,Lauren Sloan,Sloan,Lauren,So,B,,,1.0,1.0,,,,,,,,0.0,1.0,
746,Virginia,2026,11,Rylee Dennis,Rylee Dennis,Dennis,Rylee,So,B,,,1.0,1.0,1.0,,,,,,,2.0,2.0,
746,Virginia,2026,23,Emma Watchilla,Emma Watchilla,Watchilla,Emma,Sr,M,,,1.0,1.0,,,,,,,1.0,1.0,2.0,
746,Virginia,2026,16,Mary Adams,Mary Adams,Adams,Mary,So,M,,,1.0,1.0,,,,,,,1.0,1.0,,
746,Virginia,2026,6,Caitlin Connell,Caitlin Connell,Connell,Caitlin,Fr,F,,,1.0,1.0,,,,,,,1.0,1.0,,
746,Virginia,2026,26,Livvy Barker,Livvy Barker,Barker,Livvy,Fr,F,,,1.0,0.0,1.0,,,,,,,2.0,1.0,
748,Wagner,2026,35,Julia de Leeuw,Julia de Leeuw,Leeuw,Julia,So,B,,,2.0,2.0,1.0,,,,,,,2.0,7.0,
748,Wagner,2026,1,Erika Parker,Erika Parker,Parker,Erika,Jr,M,,,2.0,1.0,,,,,1.0,,,0.0,,
748,Wagner,2026,24,Natalie McGivern,Natalie McGivern,McGivern,Natalie,Sr,M,,,2.0,2.0,,,,,,,,0.0,1.0,
748,Wagner,2026,4,Floortje Leunisse,Floortje Leunisse,Leunisse,Floortje,Sr,F,,,2.0,2.0,,,,,,,1.0,1.0,7.0,
748,Wagner,2026,17,Romy Matthies,Romy Matthies,Matthies,Romy,Jr,M,,,2.0,2.0,1.0,,,,,,,2.0,2.0,
748,Wagner,2026,15,Felicitas Herrero,Felicitas Herrero,Herrero,Felicitas,Sr,F,,,2.0,1.0,,,,,1.0,,,0.0,1.0,
748,Wagner,2026,25,Victoria Gonzalez-Lopez,Victoria Gonzalez-Lopez,Gonzalez-Lopez,Victoria,Sr,F,,,2.0,2.0,,,,,,,,0.0,1.0,
748,Wagner,2026,11,Gabby Childs,Gabby Childs,Childs,Gabby,Fr,M,,,2.0,1.0,,,,,1.0,,,0.0,,
748,Wagner,2026,2,Claire Evans,Claire Evans,Evans,Claire,Sr,B,,,2.0,2.0,,,,,1.0,,,0.0,,
749,Wake Forest,2026,10,Faye Janse,Faye Janse,Janse,Faye,Sr,F,,,2.0,2.0,,,,,,,1.0,1.0,1.0,
749,Wake Forest,2026,21,Mia Montag,Mia Montag,Montag,Mia,Jr,B,,,2.0,2.0,1.0,,,,,,1.0,3.0,2.0,
749,Wake Forest,2026,20,Lena Keller,Lena Keller,Keller,Lena,Jr,M,,,2.0,2.0,,,,,,,,0.0,1.0,
749,Wake Forest,2026,8,Ava Moore,Ava Moore,Moore,Ava,Sr,M,,,2.0,2.0,1.0,,,,,,,2.0,1.0,
749,Wake Forest,2026,19,Reabetswe Phume,Reabetswe Phume,Phume,Reabetswe,So,M,,,2.0,2.0,,,,,,,,0.0,,1.0
749,Wake Forest,2026,26,Logan Marthinus,Logan Marthinus,Marthinus,Logan,So,M,,,2.0,2.0,,,,,,,,0.0,3.0,
749,Wake Forest,2026,14,Rory Heslin,Rory Heslin,Heslin,Rory,Sr,F,,,2.0,1.0,1.0,,,,,,,2.0,1.0,
749,Wake Forest,2026,4,Bianca Rees-Gibbs,Bianca Rees-Gibbs,Rees-Gibbs,Bianca,Fr,F,,,2.0,0.0,1.0,,,,1.0,,,2.0,5.0,
749,Wake Forest,2026,12,Sela Provenzano,Sela Provenzano,Provenzano,Sela,Fr,F,,,2.0,0.0,,,,,,,1.0,1.0,2.0,
749,Wake Forest,2026,11,Amelia Blood,Amelia Blood,Blood,Amelia,Fr,B,,,2.0,0.0,1.0,,,,,,,2.0,1.0,
749,Wake Forest,2026,22,Olive Bodel,Olive Bodel,Bodel,Olive,Fr,M,,,1.0,0.0,,,,,,,1.0,1.0,,
786,William & Mary,2026,22,Darcy Kopsinis,Darcy Kopsinis,Kopsinis,Darcy,Jr,B,,,1.0,0.0,,,,,,,,0.0,1.0,
786,William & Mary,2026,27,Lauren McManus,Lauren McManus,McManus,Lauren,Fr,M,,,1.0,1.0,,,,,,,,0.0,1.0,
786,William & Mary,2026,24,Kate Longo,Kate Longo,Longo,Kate,Sr,B,,,1.0,1.0,,,,,,,,0.0,1.0,
